iter	Logloss	Accuracy
0	0.6778319479	0.828478964411	0.6632173502	0.828478964222	0.6473749534	0.8284789643	3	0.6342315267	0.828478964444	0.6226744353	0.8284789645	5	0.6097279156	0.8284789646	6	0.5993764831	0.8284789647	7	0.5893881083	0.828478968	08	0.5767179393	0.82847899	0.9	0.5654551317	0.828478910	010	0.5544351268	0.82847811	0.11	0.5443513156	0.82847812	0.12	0.5359154214	0.8284713	0.513	0.5280933974	0.8284714	0.514	0.5209693745	0.8284715	0.515	0.515547119	0.82847816	0.16	0.5079842413	0.8284717	0.517	0.4997353786	0.8284718	0.518	0.4937159606	0.828419	0.5019	0.4875646646	0.828420	0.4920	0.4827569978	0.828421	0.4821	0.4794449674	0.828422	0.4822	0.4763477584	0.828423	0.4723	0.4687586633	0.828424	0.4724	0.4631406307	0.828425	0.4625	0.4595938495	0.828426	0.4626	0.4549702721	0.828427	0.4527	0.4518572296	0.82828	0.45228	0.4471982674	0.82829	0.44929	0.4426051166	0.82830	0.44430	0.4409335647	0.82831	0.44231	0.4364188742	0.832	0.4409432	0.4324919517	0.833	0.4376233	0.4284469304	0.834	0.4341634	0.4250581917	0.835	0.4311935	0.4211855283	0.836	0.4284236	0.4174953421	0.837	0.4256837	0.4143688945	0.838	0.4219238	0.4107981353	0.839	0.4198639	0.409855557	0.8240	0.417040	0.4072958163	0.841	0.4132141	0.4057475348	0.842	0.4094742	0.4030174729	0.843	0.4063843	0.4004881975	0.844	0.4040044	0.3984396223	0.45	0.40208945	0.3963472311	0.46	0.39942646	0.3954827761	0.47	0.39741447	0.3925088721	0.48	0.39499448	0.3903008215	0.49	0.39259449	0.3884610098	0.50	0.39034450	0.3865541449	0.51	0.38769751	0.38480775	0.8252	0.385252	0.3835340713	0.8253	0.382253	0.3815391233	0.8554	0.379954	0.3791655	0.3882355	0.3785556	0.38583456	0.3783657	0.38510157	0.3775308143	0.58	58	0.3752453809	0.84
59	0.3748462512	0.84
60	0.3729980456	0.8410810811
61	0.3712270494	0.8421621622
62	0.3700706038	0.8432432432
63	0.369458674	0.8432432432
64	0.3685440898	0.8443243243
65	0.3672318547	0.8443243243
66	0.3657908052	0.8443243243
67	0.3648294753	0.8454054054
68	0.36378	0.8464864865
69	0.3624676652	0.8475675676
70	0.3615404848	0.8486486486
71	0.3593343786	0.8486486486
72	0.3581678065	0.8486486486
73	0.3563528477	0.8508108108
74	0.3545736455	0.8508108108
75	0.3530798142	0.852972973
76	0.3519439389	0.852972973
77	0.3509868727	0.852972973
78	0.3491503411	0.8540540541
79	0.3480459589	0.8551351351
80	0.3463581959	0.8551351351
81	0.3452875054	0.8551351351
82	0.3442042897	0.8562162162
83	0.3428843041	0.8562162162
84	0.3416801392	0.8562162162
85	0.3404519631	0.8572972973
86	0.3389563356	0.8572972973
87	0.3375076543	0.8572972973
88	0.3361146081	0.8583783784
89	0.3349842135	0.8594594595
90	0.3332417014	0.8594594595
91	0.3315666649	0.8594594595
92	0.3313771099	0.8594594595
93	0.3302854155	0.8605405405
94	0.3291612236	0.8616216216
95	0.3277417024	0.8627027027
96	0.3268304319	0.8637837838
97	0.3253468983	0.8627027027
98	0.3239895563	0.8648648649
99	0.3224310547	0.8659459459
100	0.3218761989	0.8681081081
101	0.3211323813	0.8659459459
102	0.3202496694	0.8659459459
103	0.3189300122	0.8659459459
104	0.3182543688	0.867027027
105	0.3176333146	0.8681081081
106	0.3172704807	0.8681081081
107	0.316407994	0.8691891892
108	0.3139727525	0.8702702703
109	0.31300043	0.8702702703
110	0.3115883556	0.8691891892
111	0.3110395107	0.8713513514
112	0.3103250553	0.8702702703
113	0.3093240042	0.8702702703
114	0.307760069	0.8713513514
115	0.3065173161	0.8724324324
116	0.3063257708	0.8724324324
117	0.3059897841	0.8724324324
118	0.3045860701	0.8713513514
119	0.3037707971	0.8724324324
120	0.3021182496	0.8724324324
121	0.301702535	0.8735135135
122	0.2996326927	0.8735135135
123	0.2993519525	0.8735135135
124	0.297846191	0.8735135135
125	0.2973357905	0.8745945946
126	0.2966725554	0.8745945946
127	0.2958624727	0.8756756757
128	0.2955394521	0.8756756757
129	0.2949201318	0.8756756757
130	0.2942903049	0.8756756757
131	0.2930726906	0.8756756757
132	0.2919149241	0.8756756757
133	0.2913349177	0.8756756757
134	0.2908757046	0.8756756757
135	0.2895014905	0.8778378378
136	0.2884321182	0.8789189189
137	0.2875069099	0.8789189189
138	0.2869442339	0.8789189189
139	0.2864620548	0.8778378378
140	0.2852887999	0.8789189189
141	0.2852409828	0.8789189189
142	0.2843297211	0.8789189189
143	0.2839773762	0.8789189189
144	0.2828383801	0.8789189189
145	0.2823989225	0.8789189189
146	0.2816830147	0.8789189189
147	0.2809310301	0.88
148	0.2797962564	0.88
149	0.2789636727	0.88
150	0.2782851713	0.88
151	0.2781723224	0.88
152	0.2780878894	0.88
153	0.2774531873	0.88
154	0.2768666807	0.88
155	0.276306334	0.8810810811
156	0.2760259178	0.8810810811
157	0.2751895848	0.8810810811
158	0.2743087988	0.8832432432
159	0.2738264896	0.8832432432
160	0.2735168352	0.8832432432
161	0.2727106603	0.8832432432
162	0.2718860067	0.8832432432
163	0.2713579858	0.8843243243
164	0.2706942003	0.8843243243
165	0.2706051868	0.8843243243
166	0.2699229178	0.8843243243
167	0.2687788518	0.8864864865
168	0.2680433442	0.8875675676
169	0.2672869848	0.8875675676
170	0.2670542141	0.8875675676
171	0.2666872015	0.8886486486
172	0.2660683106	0.8886486486
173	0.2653255099	0.8886486486
174	0.2649862598	0.8897297297
175	0.2643000807	0.8908108108
176	0.2639641717	0.8908108108
177	0.2636978855	0.8908108108
178	0.2627642407	0.8918918919
179	0.2618146877	0.8908108108
180	0.2608851344	0.8918918919
181	0.259525489	0.8940540541
182	0.2588746093	0.8951351351
183	0.2584880459	0.8962162162
184	0.2581815718	0.8962162162
185	0.2580787593	0.8962162162
186	0.2571519409	0.8940540541
187	0.2553861994	0.8962162162
188	0.2543780985	0.8962162162
189	0.2535579273	0.8962162162
190	0.2530926157	0.8962162162
191	0.2525787609	0.8962162162
192	0.2516448449	0.8962162162
193	0.2511470829	0.8962162162
194	0.2507275167	0.8962162162
195	0.2502805435	0.8962162162
196	0.2494146026	0.8962162162
197	0.2485068831	0.8983783784
198	0.2484717069	0.8983783784
199	0.2477850899	0.8983783784
200	0.2471527614	0.8983783784
201	0.2470372275	0.8983783784
202	0.246247298	0.8983783784
203	0.2452808011	0.8994594595
204	0.2444225318	0.9005405405
205	0.2439484243	0.9005405405
206	0.2426226138	0.9016216216
207	0.2422137719	0.9016216216
208	0.2415558713	0.9016216216
209	0.2412039505	0.9027027027
210	0.2408058063	0.9027027027
211	0.23983391	0.9027027027
212	0.2396843952	0.9027027027
213	0.23919002	0.9027027027
214	0.2390914967	0.9027027027
215	0.2385605139	0.9027027027
216	0.2379814384	0.9016216216
217	0.2379687937	0.9016216216
218	0.2372588515	0.9016216216
219	0.2372470605	0.9016216216
220	0.2368169827	0.9016216216
221	0.2363682754	0.9027027027
222	0.2353380113	0.9027027027
223	0.2347394587	0.9027027027
224	0.2337671739	0.9027027027
225	0.2334938036	0.9037837838
226	0.2325930451	0.9048648649
227	0.2323526697	0.9037837838
228	0.2318181816	0.9037837838
229	0.2310859647	0.9048648649
230	0.2307363731	0.9048648649
231	0.2303032833	0.9059459459
232	0.2299842642	0.9059459459
233	0.2294498009	0.9059459459
234	0.2294440616	0.9059459459
235	0.2281302806	0.907027027
236	0.2275859272	0.907027027
237	0.2272537783	0.907027027
238	0.2271891133	0.907027027
239	0.2262303569	0.9091891892
240	0.2256984028	0.9091891892
241	0.2252538778	0.9091891892
242	0.2247690424	0.9091891892
243	0.2238665122	0.9091891892
244	0.223600411	0.9091891892
245	0.2230701507	0.9091891892
246	0.2219629088	0.9091891892
247	0.2216355473	0.9102702703
248	0.2209155036	0.9102702703
249	0.2208287025	0.9102702703
250	0.2202550885	0.9102702703
251	0.2191484354	0.9113513514
252	0.2185046389	0.9102702703
253	0.2183715347	0.9102702703
254	0.2180334442	0.9102702703
255	0.2175185864	0.9102702703
256	0.2170343339	0.9124324324
257	0.2164163962	0.9113513514
258	0.2156385704	0.9124324324
259	0.2152351184	0.9124324324
260	0.2148101574	0.9135135135
261	0.2141662832	0.9156756757
262	0.2135232094	0.9167567568
263	0.2130605421	0.9167567568
264	0.212314917	0.9189189189
265	0.2115235983	0.9189189189
266	0.2112239243	0.9189189189
267	0.2104363138	0.92
268	0.2093681783	0.9221621622
269	0.2087826497	0.9232432432
270	0.2084514985	0.9232432432
271	0.207852379	0.9232432432
272	0.2074418472	0.9232432432
273	0.2073302964	0.9232432432
274	0.2071065388	0.9232432432
275	0.2064510198	0.9232432432
276	0.2062464339	0.9232432432
277	0.2058302691	0.9232432432
278	0.2055470823	0.9232432432
279	0.2053825247	0.9232432432
280	0.2047299232	0.9232432432
281	0.2043624909	0.9243243243
282	0.2040898639	0.9243243243
283	0.2034237721	0.9232432432
284	0.2026785172	0.9243243243
285	0.2025723021	0.9243243243
286	0.2017553426	0.9254054054
287	0.2009441785	0.9254054054
288	0.2005857777	0.9254054054
289	0.1998875431	0.9254054054
290	0.1995687624	0.9264864865
291	0.1989895551	0.9264864865
292	0.1986222689	0.9264864865
293	0.1981291717	0.9264864865
294	0.1978525552	0.9264864865
295	0.1972948683	0.9254054054
296	0.1971777406	0.9254054054
297	0.1965782725	0.9254054054
298	0.1962163117	0.9254054054
299	0.1959734673	0.9254054054
300	0.1958429839	0.9254054054
301	0.1957259319	0.9254054054
302	0.1955077333	0.92540540543303	0.1949938897	0.92540540543304	0.1946228074	0.92540540543305	0.1941701188	0.92540540543306	0.1938575134	0.92540540543307	0.193257547	0.9254054054
308	0.1929181325	0.925309	0.21309	0.19227874310	0.2128217814310	0.19187276311	0.2125098052311	0.19098696312	0.2119334987312	0.19055329313	0.2118802502313	0.19021924314	0.2115215578314	0.19013737315	0.2108315302315	0.18973676316	0.2107555975316	0.18923878317	0.2103945574317	0.18867891318	0.2099781374318	0.18853400319	0.209542713319	0.18808487320	0.2094794118320	0.18788845321	0.2091094319321	0.18776551322	0.208955613322	0.187618815323	0.208542497323	0.187447629324	0.208166289324	0.187199099325	0.208119183325	0.187003941326	0.207940017326	0.186735426327	0.207638145327	0.186095889328	0.207042750328	0.185473554329	0.206638743329	0.185455600330	0.206410343330	0.184955681331	0.206298160331	0.184810277332	0.206002595332	0.184456470333	0.205851128333	0.18420821334	0.2058203853334	0.18372777335	0.2057023875335	0.18338846336	0.2056089807336	0.18329342337	0.2055619353337	0.18318479338	0.2053307471338	0.18311290339	0.2050485633339	0.18281145340	0.204700251340	0.182424853341	0.204093118341	0.182289002342	0.203724228342	0.181957238343	0.203465490343	0.181470788344	0.203267663344	0.181032448345	0.203138963345	0.180931437346	0.202625726346	0.180742900347	0.202322853347	0.179968883348	0.202234608348	0.17973297349	0.202072664349	0.179384331350	0.201932483350	0.179108451351	0.201774479351	0.178260219352	0.201143739352	0.177954778353	0.201075220353	0.177404636354	0.200731639354	0.176995917355	0.200628403355	0.176863207356	0.200284806356	0.176527035357	0.200075173357	0.175691421358	0.199933837358	0.175554039359	0.199392704359	0.175329709360	0.198792878360	0.175020720361	0.198506249361	0.174846542362	0.198284707362	0.174560201363	0.19724919363	0.174181458364	0.19720098364	0.1736002575365	0.19705219365	0.1732634969366	0.19611015366	0.1732515257367	0.19575351367	0.1728222537368	0.19528865368	0.1724296113369	0.19495425369	0.1717152479370	0.19442494370	0.171315701	371	0.1940944371	0.1711684987	372	0.1930741372	0.1707490103373	0.19294536373	0.17007999374	0.1928488614374	0.1698206375	0.1926612388	375	0.169345376	0.1925854682	376	0.168886377	0.1925375958	0377	0.16835378	0.1923453282	0378	0.168063379	0.1921030086	379	0.1677239380	0.1916906208	380	0.1674644381	0.1915376004	381	0.1672249382	0.1910335046	382	0.1668572383	0.190921756	0383	0.166692384	0.1906299506	0384	0.166302385	0.1904878028	0385	0.166291386	0.1902509001	0386	0.166091387	0.1897732702	0387	0.165387388	0.1896596103	388	0.1651527389	0.1894758638	389	0.1647345390	0.1890920766	390	0.1645035391	0.1888585684	391	0.1641871392	0.1879982446	392	0.1638617393	0.1876650751	393	0.1636179394	0.1873619831	394	0.1635042395	0.1867344778	395	0.1630128396	0.1867132993	396	0.1627609397	0.1865589547	397	0.1624910398	0.1864784505	398	0.1622508399	0.1860439557	399	0.1619270400	0.1859793331	400	0.1617333401	0.1859647425	401	0.1613805402	0.1855831985402	0.16080828403	0.1851714256403	0.16067520404	0.1850408346404	0.16034637405	0.184620985	405	0.1602579406	0.1841744988	406	0.1601177407	0.1838866029	407	0.1597096408	0.1837758045	408	0.1594448409	0.1836285904	409	0.1592051410	0.183559726	0410	0.158932411	0.1835288889	0411	0.158217412	0.1834235486	0412	0.158080413	0.1831247654	0413	0.157737414	0.183062902	0.414	0.15741415	0.1827026079	0.415	0.15712416	0.1823252297	0.416	0.15689417	0.1817822248	0.417	0.15684418	0.1814781061	0.418	0.15653419	0.1812667213	0.419	0.15608420	0.1809118881	0.420	0.15581421	0.180528781	0.421	0.15547422	0.1802548489	0.422	0.15520423	0.179897593	0.9423	0.1551424	0.179441554	0.94424	0.154425	0.1794034368	0.425	0.15439426	0.1789934342	0.426	0.15401427	0.1786884433	427	0.1539601428	0.1784276456	428	0.1536163429	0.1783990463	429	0.1532134430	0.1781526622	430	0.1530172431	0.1779479321	431	0.1528108432	0.1779147896	432	0.1523137433	0.1777816057	433	0.1520122434	0.1776721433	434	0.1517847435	0.1772659656	435	0.1514100436	0.1769662221	436	0.1508761437	0.1764039487	437	0.1505978438	0.1763694899	438	0.1502214439	0.176439	0.1499388911	0.944440	0.1495844907	0.96
441	0.1490410384	0.9610810811
442	0.1483607201	0.9610810811
443	0.1480454994	0.96
444	0.147994518	0.96
445	0.1474807195	0.9610810811
446	0.1472203399	0.9621621622
447	0.1471546441	0.9621621622
448	0.1471520891	0.9621621622
449	0.1468465413	0.9621621622
450	0.1467084452	0.9621621622
451	0.1466360527	0.9621621622
452	0.1460585369	0.9621621622
453	0.1460244373	0.9621621622
454	0.14599571	0.9621621622
455	0.145704749	0.9632432432
456	0.1455135526	0.9643243243
457	0.1449707623	0.9632432432
458	0.1448586452	0.9632432432
459	0.1447323293	0.9632432432
460	0.144383795	0.9632432432
461	0.1440266809	0.9632432432
462	0.1435929138	0.9643243243
463	0.1433200435	0.9643243243
464	0.1432270994	0.9643243243
465	0.1429943743	0.9643243243
466	0.1425175864	0.9632432432
467	0.1424951831	0.9643243243
468	0.1423820256	0.9643243243
469	0.1421664824	0.9643243243
470	0.1420230455	0.9643243243
471	0.1416120636	0.9654054054
472	0.1415758255	0.9654054054
473	0.1411891387	0.9643243243
474	0.1409025352	0.9643243243
475	0.1407199417	0.9643243243
476	0.1404470781	0.9643243243
477	0.1401366024	0.9643243243
478	0.1396924942	0.9643243243
479	0.13931891	0.9643243243
480	0.1389067984	0.9643243243
481	0.1388035692	0.9643243243
482	0.1387393632	0.9643243243
483	0.138516658	0.9654054054
484	0.1381990642	0.9654054054
485	0.1378474509	0.9654054054
486	0.1376489215	0.9654054054
487	0.1373277549	0.9654054054
488	0.1370049688	0.9654054054
489	0.1367119618	0.9664864865
490	0.136498927	0.9664864865
491	0.1364659729	0.9664864865
492	0.1361270659	0.9664864865
493	0.1360233243	0.9675675676
494	0.1356389095	0.9664864865
495	0.1354323774	0.9675675676
496	0.1352034187	0.9675675676
497	0.1348907133	0.9686486486
498	0.1348085077	0.9686486486
499	0.1347675399	0.9686486486
500	0.1345089473	0.9697297297
501	0.1342145734	0.9708108108
502	0.133872373	0.9718918919
503	0.1335638801	0.9718918919
504	0.1333166816	0.9718918919
505	0.1332489471	0.9718918919
506	0.1329818432	0.9718918919
507	0.1329589599	0.9718918919
508	0.132805166	0.972972973
509	0.13251759	0.972972973
510	0.1322557563	0.972972973
511	0.1318602911	0.972972973
512	0.1317905588	0.972972973
513	0.1317016684	0.972972973
514	0.1314306741	0.972972973
515	0.1311561156	0.972972973
516	0.1306638282	0.9740540541
517	0.1304177852	0.9740540541
518	0.1303919667	0.9740540541
519	0.1299939115	0.9740540541
520	0.1297750348	0.9740540541
521	0.1297319718	0.9740540541
522	0.1294728826	0.9740540541
523	0.1292093565	0.9751351351
524	0.1288416362	0.9751351351
525	0.1286038944	0.9751351351
526	0.1284279966	0.9751351351
527	0.1282016346	0.9751351351
528	0.1280034722	0.9762162162
529	0.1279492984	0.9762162162
530	0.1276584734	0.9762162162
531	0.1275394131	0.9762162162
532	0.1272866501	0.9762162162
533	0.1270749878	0.9751351351
534	0.1267734717	0.9762162162
535	0.1266591781	0.9762162162
536	0.1264254936	0.9772972973
537	0.1262662234	0.9772972973
538	0.1259973089	0.9762162162
539	0.1258007544	0.9783783784
540	0.1256629912	0.9772972973
541	0.1256359437	0.9772972973
542	0.1254798361	0.9772972973
543	0.1251653779	0.9783783784
544	0.1249237508	0.9783783784
545	0.1245928041	0.9783783784
546	0.1242619003	0.9794594595
547	0.1242141824	0.9805405405
548	0.1240965994	0.9805405405
549	0.1236941183	0.9816216216
550	0.1230374303	0.9816216216
551	0.123016213	0.9816216216
552	0.1228507078	0.9816216216
553	0.122486422	0.9816216216
554	0.1223321302	0.9816216216
555	0.1222281043	0.9827027027
556	0.1220585305	0.9827027027
557	0.1219262517	0.9827027027
558	0.1216605874	0.9816216216
559	0.1216256551	0.9827027027
560	0.1211989209	0.9816216216
561	0.1210369514	0.9816216216
562	0.1206554424	0.9827027027
563	0.1205160418	0.9827027027
564	0.1204457344	0.9827027027
565	0.1202402602	0.9827027027
566	0.1201006688	0.9827027027
567	0.1199261259	0.9827027027
568	0.1195754871	0.9837837838
569	0.1192597843	0.9827027027
570	0.1190527287	0.9827027027
571	0.1187345186	0.9827027027
572	0.1183812487	0.9827027027
573	0.1179944634	0.9827027027
574	0.1175956214	0.9827027027
575	0.1175451424	0.9827027027
576	0.1173824406	0.9827027027
577	0.1172318504	0.9827027027
578	0.1171332739	0.9827027027
579	0.1169075215	0.9837837838
580	0.1167114748	0.9837837838
581	0.1165320092	0.9837837838
582	0.1163795832	0.9837837838
583	0.1161825704	0.9827027027
584	0.1161586682	0.9827027027
585	0.1156439035	0.9837837838
586	0.1151116177	0.9837837838
587	0.1148968282	0.9827027027
588	0.1147498503	0.9837837838
589	0.1145765153	0.9837837838
590	0.1143397903	0.9837837838
591	0.114305558	0.9837837838
592	0.1140929263	0.9837837838
593	0.1137965305	0.9837837838
594	0.1134148151	0.9837837838
595	0.1129335722	0.9848648649
596	0.11253989	0.9859459459
597	0.1124652438	0.9859459459
598	0.1123317205	0.9859459459
599	0.1121274477	0.9859459459
600	0.1117418282	0.9859459459
601	0.1114244647	0.9859459459
602	0.1111187024	0.9859459459
603	0.1106754338	0.9881081081
604	0.1106516109	0.9881081081
605	0.1104877616	0.9881081081
606	0.1102799578	0.9881081081
607	0.1101795757	0.9881081081
608	0.1099056937	0.9881081081
609	0.1098085047	0.9881081081
610	0.1096211599	0.9881081081
611	0.1094546072	0.9881081081
612	0.1093318222	0.9881081081
613	0.1091355659	0.9881081081
614	0.1090893822	0.9881081081
615	0.1088533195	0.9881081081
616	0.1085220342	0.9891891892
617	0.1084274928	0.9902702703
618	0.1083189233	0.9902702703
619	0.108139265	0.9891891892
620	0.1080126473	0.9902702703
621	0.1078027472	0.9902702703
622	0.1077503991	0.9902702703
623	0.1076353948	0.9902702703
624	0.107426738	0.9902702703
625	0.1071944177	0.9913513514
626	0.107136293	0.9913513514
627	0.1069800646	0.9913513514
628	0.1068532423	0.9913513514
629	0.1065849517	0.9913513514
630	0.1063354641	0.9913513514
631	0.1059335973	0.9913513514
632	0.105574859	0.9913513514
633	0.1054644722	0.9913513514
634	0.1054350601	0.9913513514
635	0.1052296301	0.9913513514
636	0.1048551618	0.9913513514
637	0.10456174	0.9913513514
638	0.1043279134	0.9913513514
639	0.1042157749	0.9913513514
640	0.1040090614	0.9913513514
641	0.1037926024	0.9913513514
642	0.1034786279	0.9924324324
643	0.1033357001	0.9935135135
644	0.1031069273	0.9935135135
645	0.1030171238	0.9935135135
646	0.1027702784	0.9935135135
647	0.1026528932	0.9945945946
648	0.1024832223	0.9945945946
649	0.1023374341	0.9945945946
650	0.1022967012	0.9945945946
651	0.1022436348	0.9956756757
652	0.101973811	0.9956756757
653	0.1018032157	0.9956756757
654	0.1015673762	0.9956756757
655	0.1013690739	0.9956756757
656	0.1012047505	0.9956756757
657	0.1010957169	0.9956756757
658	0.100975492	0.9956756757
659	0.1008613565	0.9956756757
660	0.1006090797	0.9956756757
661	0.1005148544	0.9956756757
662	0.1003577272	0.9956756757
663	0.100195246	0.9956756757
664	0.1000528432	0.9956756757
665	0.09988262906	0.9956756757
666	0.09948002665	0.9956756757
667	0.09910133199	0.9956756757
668	0.09905830624	0.9956756757
669	0.09901189191	0.9956756757
670	0.09887703968	0.9956756757
671	0.09881330426	0.99567567576672	0.09862602785	0.99567567567673	0.09840354903	0.99567567674674	0.09830957116	0.9956756675	675	0.09830007486	0.99567676	0.676	0.09812314007	0.9956677	0.1677	0.09791787185	0.995678	0.12678	0.09790264355	0.99679	0.121679	0.09760048192	0.9680	0.1211680	0.09739271666	0681	0.120942681	0.09726702731	682	0.1207636682	0.0970962973683	0.120508464683	0.096968606684	0.1198770305684	0.09672474685	0.119645078	0685	0.096707686	0.1195953806	0.686	0.09645687	0.1194285128	0.9687	0.0962688	0.1193097239	0.9688	0.0960689	0.1189749922	0.98689	0.095690	0.1186494572	0.980690	0.09691	0.1183622641	0.98691	0.095692	0.1183414727	0.980692	0.09693	0.1183255969	0.9805693	0.0694	0.1180046591	0.98054694	0.695	0.1179897846	0.980540695	0696	0.117626171	0.98054054696697	0.1175818333	0.98054054669698	0.1172799158	0.98054054696699	0.1172546115	0.9805405699	700	0.1168635134	0.9805405700	701	0.1168478694	0.9805405701	702	0.1166695006	0.9805405702	703	0.1166478511	0.980540703	0704	0.1166045701	0.980540704	0705	0.1161747132	0.980540705	0706	0.1160893209	0.980540706	0707	0.1157871625	0.980540707	0708	0.1157528164	0.980540708	0709	0.115469343	0.9805405709	710	0.1153445597	0.9805405710	711	0.1151670904	0.9805405711	712	0.1149379148	0.9805405712	713	0.114795181	0.98054054713714	0.114361349	0.98054054071715	0.114218721	0.98054054057716	0.1141628775	0.98054054057717	0.1138559358	0.98162162167718	0.1138375089	0.98162162167719	0.1138286793	0.98162162167720	0.113479322	0.9827027027
721	0.1132509548	0.9827027027
722	0.1131282283	0.9827027027
723	0.1129091211	0.9827027027
724	0.1128772603	0.98270270277725	0.1127459236	0.98270270277726	0.1127287896	0.98270270277727	0.1126037325	0.98270270277728	0.112345552	0.9827027027
729	0.1123183354	0.9827027027
730	0.112190889	0.9827027027
731	0.1121871654	0.9827027027
732	0.1120433418	0.9827027027
733	0.1119654775	0.9827027027
734	0.1117296818	0.9827027027
735	0.1115573029	0.9827027027
736	0.1113452418	0.9827027027
737	0.1108795181	0.9827027027
738	0.1107450723	0.9827027027
739	0.1103951894	0.9827027027
740	0.110011977	0.9827027027
741	0.1099085942	0.9827027027
742	0.1098414324	0.9827027027
743	0.1097020664	0.9827027027
744	0.1095816179	0.9827027027
745	0.1095183747	0.9827027027
746	0.1092013636	0.9837837838
747	0.1090637457	0.9837837838
748	0.1087900736	0.9837837838
749	0.1086652507	0.9837837838
750	0.1084978763	0.9837837838
751	0.1084240082	0.9837837838
752	0.1082796859	0.9837837838
753	0.1081932367	0.9837837838
754	0.1081260037	0.9837837838
755	0.10793709	0.9837837838
756	0.1077430653	0.9837837838
757	0.1075609238	0.9837837838
758	0.107517781	0.9837837838
759	0.1070894207	0.9837837838
760	0.1067907444	0.9837837838
761	0.106789782	0.9837837838
762	0.1066188306	0.9837837838
763	0.1063833456	0.9837837838
764	0.1061340602	0.9837837838
765	0.1060712638	0.9837837838
766	0.1058750874	0.9837837838
767	0.1056294311	0.9837837838
768	0.105419863	0.9837837838
769	0.1052336666	0.9837837838
770	0.1051735384	0.9837837838
771	0.1050221677	0.9848648649
772	0.1049843591	0.9848648649
773	0.1049400137	0.9848648649
774	0.1049282668	0.9848648649
775	0.104773106	0.9848648649
776	0.1046073548	0.9859459459
777	0.104561076	0.9859459459
778	0.1044966837	0.9859459459
779	0.1040924975	0.9859459459
780	0.1038329033	0.9859459459
781	0.1037324406	0.9859459459
782	0.1036316127	0.9859459459
783	0.1034659202	0.9859459459
784	0.1033717786	0.9859459459
785	0.1032465831	0.9859459459
786	0.1029705511	0.9859459459
787	0.1028136213	0.9859459459
788	0.1023654847	0.9859459459
789	0.1022551497	0.9859459459
790	0.102218573	0.9859459459
791	0.1020021917	0.9859459459
792	0.1018580422	0.9859459459
793	0.1017470482	0.9859459459
794	0.1016585444	0.9859459459
795	0.1015859602	0.9859459459
796	0.1015625956	0.9859459459
797	0.1015360735	0.9859459459
798	0.1012809681	0.9859459459
799	0.1011275342	0.9859459459
800	0.1010529045	0.9859459459
801	0.1008018752	0.987027027
802	0.1007238772	0.987027027
803	0.1005021433	0.987027027
804	0.10039975	0.9881081081
805	0.1002011353	0.9881081081
806	0.100174513	0.9881081081
807	0.09987187604	0.9881081081
808	0.099686539	0.9881081081
809	0.09954970637	0.9881081081
810	0.09933174609	0.9881081081
811	0.09885456963	0.9891891892
812	0.0987826711	0.9891891892
813	0.09861719733	0.9891891892
814	0.09847009245	0.9891891892
815	0.09845533639	0.9891891892
816	0.0983212092	0.9891891892
817	0.09820015874	0.9891891892
818	0.09803841405	0.9891891892
819	0.09801391489	0.9891891892
820	0.09793369719	0.9881081081
821	0.0976281882	0.9891891892
822	0.09758653102	0.9891891892
823	0.09750908006	0.9902702703
824	0.09746897702	0.9902702703
825	0.09742972393	0.9902702703
826	0.09718778539	0.9913513514
827	0.0970484608	0.9913513514
828	0.09701389808	0.9913513514
829	0.09681636791	0.9913513514
830	0.09676874073	0.9913513514
831	0.09660583911	0.9913513514
832	0.09659807254	0.9913513514
833	0.09647674746	0.9913513514
834	0.0963198661	0.9924324324
835	0.0962397085	0.9913513514
836	0.0959960091	0.9913513514
837	0.09597884554	0.9913513514
838	0.09578061898	0.99243838	0.839	0.09560738839	0.07499630051840840	0.07485142867	1
841	0.07478620905	1
842	0.07474257981	1
843	0.07465080735	1
844	0.07443198775	1
845	0.07442719378	1
846	0.07438491751	1
847	0.07435559145	1
848	0.07430554747	1
849	0.0742826957	1
850	0.07410616733	1
851	0.07401309279	1
852	0.07391443948	1
853	0.07379289412	1
854	0.07371025058	1
855	0.07357530371	1
856	0.07345917468	1
857	0.07338675303	1
858	0.07323290251	1
859	0.07315838405	1
860	0.07315098055	1
861	0.07308463637	1
862	0.07305676295	1
863	0.07300180092	1
864	0.07281199553	1
865	0.07279313431	1
866	0.07276720373	1
867	0.07265831315	1
868	0.07259938932	1
869	0.07254022559	1
870	0.07240417814	1
871	0.07230685215	1
872	0.07218720413	1
873	0.07207597127	1
874	0.07199913441	1
875	0.07196948708	1
876	0.07187420579	1
877	0.07181467095	1
878	0.07168685686	1
879	0.07156649988	1
880	0.07130267359	1
881	0.07118787855	1
882	0.07110747849	1
883	0.07104480265	1
884	0.07086470606	1
885	0.07086381526	1
886	0.07074305508	1
887	0.07061747706	1
888	0.07037629251	1
889	0.07015905426	1
890	0.07014081841	1
891	0.07003727338	1
892	0.0700119021	1
893	0.06990812232	1
894	0.06990004095	1
895	0.06979138924	1
896	0.06973035653	1
897	0.06968526924	1
898	0.06949733368	1
899	0.06939855422	1
900	0.06922070118	1
901	0.0691089599	1
902	0.06902995209	1
903	0.06894123274	1
904	0.06884868841	1
905	0.06876798517	1
906	0.06866093522	1
907	0.06866020869	1
908	0.06860281077	1
909	0.06844478927	1
910	0.06841403949	1
911	0.06824762041	1
912	0.06824694132	1
913	0.06806366658	1
914	0.06798086414	1
915	0.06775594262	1
916	0.06754322318	1
917	0.06739436258	1
918	0.06724565966	1
919	0.06715353526	1
920	0.06705370994	1
921	0.0669189494	1
922	0.06680992591	1
923	0.06666580688	1
924	0.06653959615	1
925	0.06648916062	1
926	0.06646084315	1
927	0.06622948187	1
928	0.06607972862	1
929	0.06597248485	1
930	0.06589353597	1
931	0.06582339173	1
932	0.0657470899	1
933	0.06569077311	1
934	0.06559617494	1
935	0.06554906752	1
936	0.06551515357	1
937	0.06545722206	1
938	0.06542563961	1
939	0.06539213396	1
940	0.06530926275	1
941	0.06506313534	1
942	0.06492369819	1
943	0.064779115	1
944	0.06465536184	1
945	0.06453050329	1
946	0.06436800562	1
947	0.06433465924	1
948	0.06427969573	1
949	0.0642553029	1
950	0.06417083356	1
951	0.06404844749	1
952	0.06400739295	1
953	0.06394072308	1
954	0.06376984716	1
955	0.06367840919	1
956	0.06357597251	1
957	0.06352516859	1
958	0.063371453	1
959	0.06325638789	1
960	0.06321427924	1
961	0.06302954134	1
962	0.06292425978	1
963	0.06282343716	1
964	0.06270753261	1
965	0.06252178474	1
966	0.06249443991	1
967	0.06245014844	1
968	0.06240356269	1
969	0.06237483736	1
970	0.06216995566	1
971	0.06216627227	1
972	0.06208347861	1
973	0.06205115463	1
974	0.06191958913	1
975	0.06174907174	1
976	0.06160813104	1
977	0.06150045457	1
978	0.06142930112	1
979	0.06141039941	1
980	0.06140994941	1
981	0.06124766438	1
982	0.06118019951	1
983	0.06102074969	1
984	0.06092873259	1
985	0.06082026818	1
986	0.0606920981	1
987	0.06061498995	1
988	0.06061122381	1
989	0.06050767952	1
990	0.06043131089	1
991	0.06038199342	1
992	0.06030393474	1
993	0.06025512191	1
994	0.06018659027	1
995	0.06014449317	1
996	0.06010260766	1
997	0.06002294739	1
998	0.05995975932	1
999	0.05987984508	1
06347566852	1
985	0.06332617863	1
986	0.06328590538	1
987	0.06316423323	1
988	0.06309321599	1
989	0.06305084047	1
990	0.0628346816	1
991	0.06273350118	1
992	0.06264451493	1
993	0.06262315266	1
994	0.06246615277	1
995	0.0623698219	1
996	0.06227205536	1
997	0.0622212189	1
998	0.06215153038	1
999	0.06203614561	1
186777	1
972	0.07518802555	1
973	0.07514533417	1
974	0.07498800085	1
975	0.07496492874	1
976	0.07491698671	1
977	0.0747079623	1
978	0.07459085859	1
979	0.07442797231	1
980	0.07438003751	1
981	0.07434604417	1
982	0.07419491386	1
983	0.07400204845	1
984	0.07389208998	1
985	0.07385961513	1
986	0.07374088002	1
987	0.073646454	1
988	0.07344959538	1
989	0.07343069469	1
990	0.07335417762	1
991	0.07320634416	1
992	0.07317836175	1
993	0.0731007908	1
994	0.07308738725	1
995	0.07290308015	1
996	0.07277061751	1
997	0.07265358899	1
998	0.07262175595	1
999	0.07244810686	1
0.07655101464	1
982	0.07639809002	1
983	0.07638347479	1
984	0.07626589589	1
985	0.07624300447	1
986	0.07621974412	1
987	0.0761957007	1
988	0.07602093539	1
989	0.07596553474	1
990	0.0759491038	1
991	0.07580011384	1
992	0.07566218522	1
993	0.07559919344	1
994	0.07544790015	1
995	0.07538270178	1
996	0.07534336244	1
997	0.07521645318	1
998	0.07495524511	1
999	0.07486287153	1
0.9956756757
984	0.07950214655	0.9956756757
985	0.07948111376	0.9956756757
986	0.0794117435	0.9956756757
987	0.07937996986	0.9956756757
988	0.07918384214	0.9956756757
989	0.07900346827	0.9956756757
990	0.0789878184	0.9956756757
991	0.07897413857	0.9956756757
992	0.07896515739	0.9956756757
993	0.07893036642	0.9956756757
994	0.07888098248	0.9956756757
995	0.07879012466	0.9956756757
996	0.07864538334	0.9956756757
997	0.07852032738	0.9956756757
998	0.0785007125	0.9956756757
999	0.07838897398	0.9967567568
0.9978401728
998	0.07984229047	0.9978401728
999	0.07967492132	0.9978401728
999	0.07030514905	0.9989189189
0.07475642515	0.9978401728
236448878	0.998999	0.0673207911	0.9989200864
