,Attrition,Age,Gender,MaritalStatus,DistanceFromHome,TotalWorkingYears,NumCompaniesWorked,MonthlyIncome,JobRole,YearsAtCompany,YearsWithCurrManager,YearsInCurrentRole,YearsSinceLastPromotion,JobSatisfaction,EnvironmentSatisfaction,RelationshipSatisfaction,WorkLifeBalance
0,1,41,0,2,1,8,8,5993,7,6,5,4,0,4,2,1,1
1,0,49,1,1,8,10,1,5130,6,10,7,7,1,2,3,4,3
2,1,37,1,2,2,7,6,2090,2,0,0,0,0,3,4,2,3
3,0,33,0,1,3,8,1,2909,6,8,0,7,3,3,4,3,3
4,0,27,1,1,2,6,9,3468,2,2,2,2,2,2,1,4,3
5,0,32,1,2,2,8,0,3068,2,7,6,7,3,4,4,3,2
6,0,59,0,1,3,12,4,2670,2,1,0,0,0,1,3,1,2
7,0,30,1,0,24,1,1,2693,2,1,0,0,0,3,4,2,3
8,0,38,1,2,23,10,0,9526,4,9,8,7,1,3,4,2,3
9,0,36,1,1,27,17,6,5237,0,7,7,7,7,3,3,2,2
10,0,35,1,1,16,6,0,2426,2,5,3,4,0,2,1,3,3
11,0,29,0,2,15,10,0,4193,2,9,8,5,0,3,4,4,3
12,0,31,1,0,26,5,1,2911,6,5,3,2,4,3,1,4,2
13,0,34,1,0,19,3,0,2661,2,2,2,2,1,4,2,3,3
14,1,28,1,2,24,6,5,2028,2,4,3,2,0,3,3,2,3
15,0,29,0,0,21,10,1,9980,4,10,8,9,8,1,2,3,3
16,0,32,1,0,5,7,0,3298,6,6,5,2,0,2,1,4,2
17,0,22,1,0,16,1,1,2935,2,1,0,0,0,4,4,2,2
18,0,53,0,1,2,31,2,15427,3,25,7,8,3,4,1,3,3
19,0,38,1,2,2,6,5,3944,6,3,2,2,1,4,4,3,3
20,0,24,0,0,11,5,0,4011,4,4,3,2,1,3,1,4,2
21,1,36,1,2,9,10,7,3407,8,5,3,3,0,1,3,2,3
22,0,34,0,2,7,13,0,11994,5,12,11,6,2,2,1,3,3
23,0,21,1,2,15,0,1,1232,6,0,0,0,0,4,3,4,3
24,1,34,1,2,6,8,2,2960,6,4,3,2,1,1,2,3,3
25,0,53,0,0,5,26,4,19094,3,14,8,13,4,3,3,4,2
26,1,32,0,2,16,10,1,3919,6,10,7,2,6,1,2,2,3
27,0,42,1,1,8,10,0,6825,7,9,2,7,4,2,3,4,3
28,0,44,0,1,7,24,3,10248,0,22,17,6,5,4,1,4,3
29,0,46,0,2,2,22,3,18947,3,2,1,2,2,1,2,4,2
30,0,33,1,2,2,7,4,2496,2,1,0,1,0,4,3,4,3
31,0,44,1,1,10,9,2,6465,0,4,3,2,1,4,4,4,4
32,0,30,1,2,9,10,1,2206,2,10,8,0,1,3,4,1,3
33,1,39,1,1,5,19,3,2086,8,1,0,0,0,4,4,3,4
34,1,24,1,1,1,6,2,2293,6,2,0,0,2,4,2,1,2
35,0,43,0,0,2,6,1,2645,6,5,4,3,1,3,4,4,2
36,1,50,1,1,3,3,1,2683,8,3,2,2,0,3,1,3,3
37,0,35,0,1,2,2,1,2014,8,2,2,2,2,4,4,1,3
38,0,36,0,1,5,6,9,3419,6,1,0,1,0,1,2,4,4
39,0,33,0,1,1,10,2,5376,7,5,3,3,1,1,3,1,3
40,0,35,1,0,4,1,1,1951,2,1,0,0,0,4,3,3,3
41,0,27,0,0,2,1,1,2341,2,1,0,0,0,1,4,4,3
42,1,26,1,2,25,1,1,2293,2,1,1,0,0,3,1,3,2
43,0,27,1,2,8,9,1,8726,7,9,7,8,1,3,4,4,3
44,0,30,0,2,1,12,1,4011,2,12,7,8,3,4,3,4,3
45,1,41,0,1,12,23,1,19545,5,22,8,15,15,3,2,4,3
46,0,34,1,2,23,10,0,4568,7,9,7,5,8,3,2,3,3
47,0,37,1,1,19,8,4,3022,6,1,0,0,0,2,2,1,3
48,0,46,1,2,5,14,4,5772,7,9,8,6,0,4,1,3,3
49,0,35,1,1,8,1,1,2269,2,1,1,0,0,4,4,4,3
50,1,48,1,2,1,23,9,5381,2,1,0,0,0,3,1,4,3
51,1,28,1,2,5,2,1,3441,2,2,2,2,2,3,3,3,2
52,0,44,0,0,1,9,5,5454,7,4,3,3,1,1,2,3,2
53,0,35,1,1,11,10,2,9884,0,4,3,0,2,1,3,3,3
54,0,26,0,1,23,5,7,4157,7,2,0,2,0,4,3,3,2
55,0,33,0,2,1,15,1,13458,5,15,12,14,8,4,1,3,3
56,0,35,1,1,18,9,1,9069,7,9,8,8,1,1,2,4,2
57,0,35,0,1,23,4,3,4014,2,2,2,2,2,1,3,3,3
58,0,31,1,0,7,10,3,5915,2,7,7,7,1,4,4,4,2
59,0,37,1,0,1,7,1,5993,4,7,7,5,0,3,1,3,4
60,0,32,1,1,1,9,1,6162,4,9,8,8,7,4,1,2,3
61,0,38,0,2,29,10,1,2406,2,10,9,3,9,4,4,4,3
62,0,50,0,0,7,29,5,18740,5,27,8,3,13,3,2,4,2
63,0,59,0,2,25,28,7,7637,7,21,9,16,7,1,1,4,2
64,0,36,0,0,8,17,1,10096,0,17,8,14,12,3,3,2,3
65,0,55,0,0,8,21,2,14756,3,5,2,0,0,3,4,3,3
66,0,36,1,2,11,6,1,6499,4,6,3,5,0,2,2,3,3
67,0,45,1,0,7,25,2,9724,6,1,0,0,0,1,2,3,3
68,0,35,1,1,1,5,4,2194,6,3,2,2,1,1,2,4,2
69,1,36,1,1,9,2,0,3388,6,1,0,0,0,3,4,1,2
70,0,59,0,2,1,20,7,5473,7,4,3,3,1,3,1,4,2
71,0,29,1,1,2,6,0,2703,6,5,4,4,0,2,3,4,3
72,0,31,1,2,1,1,1,2501,6,1,0,1,1,2,3,2,3
73,0,32,1,1,1,10,1,6220,6,10,9,4,0,2,2,2,3
74,0,36,0,1,6,5,3,3038,2,1,0,0,0,4,2,2,3
75,0,31,0,2,8,11,1,4424,4,11,8,7,1,4,3,4,3
76,0,35,1,2,1,16,0,4312,7,15,8,13,2,1,3,2,3
77,0,45,1,1,6,17,4,13245,5,0,0,0,0,1,4,2,4
78,0,37,1,2,7,16,4,13664,5,5,2,2,0,3,1,1,4
79,0,46,1,0,5,16,8,5021,1,4,2,2,0,2,2,4,3
80,0,30,1,1,1,10,1,5126,2,10,0,8,3,4,4,3,2
81,0,35,1,2,1,6,1,2859,6,6,4,4,0,3,2,1,3
82,0,55,1,1,1,24,3,10239,7,1,0,0,1,4,1,4,3
83,0,38,0,0,6,17,7,5329,6,13,9,11,1,4,2,4,3
84,0,34,1,1,1,5,1,4325,4,5,3,2,1,2,1,3,3
85,0,56,1,2,7,37,4,7260,4,6,2,4,0,4,4,1,2
86,0,23,1,0,2,3,3,2322,8,0,0,0,0,1,3,3,3
87,0,51,1,1,9,10,3,2075,2,4,3,2,0,4,4,2,3
88,0,30,1,1,2,11,1,4152,0,11,8,10,10,4,3,1,3
89,1,46,1,2,9,9,1,9619,7,9,7,8,4,4,3,4,3
90,0,40,1,1,1,22,1,13503,0,22,11,3,11,2,3,4,2
91,0,51,1,2,21,11,0,5441,7,10,0,7,1,4,3,4,1
92,0,30,0,0,4,11,1,5209,7,11,7,8,2,2,3,2,2
93,0,46,1,1,1,21,2,10673,0,10,5,9,9,1,3,3,2
94,0,32,1,2,6,12,1,5010,7,11,7,8,5,3,2,1,3
95,0,54,0,1,2,16,9,13549,5,4,3,3,0,3,1,1,1
96,0,24,0,1,3,4,0,4999,7,3,2,2,0,3,1,1,2
97,0,28,1,1,4,5,1,4221,7,5,4,4,0,3,2,2,4
98,0,58,1,2,10,38,0,13872,7,37,8,10,1,3,4,3,2
99,0,44,1,1,23,17,4,2042,2,3,2,2,1,2,2,3,4
100,1,37,1,0,6,7,4,2073,1,3,2,2,0,1,3,4,3
101,0,32,1,2,1,1,1,2956,6,1,0,0,0,1,4,4,3
102,1,20,0,2,6,1,1,2926,2,1,0,0,1,4,4,2,3
103,0,34,0,2,6,16,1,4809,6,16,10,13,2,3,1,3,3
104,0,37,1,0,2,17,5,5163,0,1,0,0,0,4,3,4,4
105,0,59,0,1,2,30,9,18844,3,3,2,2,2,4,3,4,3
106,0,50,0,1,1,28,3,18172,5,8,7,3,0,2,1,1,2
107,1,25,1,2,5,6,1,5744,7,6,3,4,0,3,3,4,3
108,0,25,1,1,7,2,1,2889,6,2,1,2,2,4,4,3,3
109,0,22,0,2,15,1,1,2871,2,0,0,0,0,4,2,3,3
110,0,51,0,2,1,23,3,7484,0,13,8,12,12,1,1,3,2
111,1,34,1,2,7,9,1,6074,2,9,6,7,0,3,1,4,3
112,0,54,0,2,26,23,2,17328,3,5,4,3,4,4,4,3,3
113,0,24,1,1,18,6,0,2774,2,5,2,3,1,3,2,3,3
114,0,34,0,0,6,12,6,4505,6,1,0,0,0,2,3,3,3
115,0,37,1,2,3,12,2,7428,7,5,3,3,1,4,3,1,3
116,0,34,0,2,5,14,2,11631,3,11,8,10,5,1,3,4,3
117,0,36,0,1,11,10,0,9738,7,9,8,7,2,4,2,3,3
118,0,36,0,0,3,7,5,2835,2,1,0,0,0,4,1,1,3
119,0,43,1,1,26,25,1,16959,3,25,12,12,4,4,3,4,4
120,0,30,1,0,23,10,1,2613,6,10,9,7,0,3,1,3,2
121,0,33,1,1,22,8,0,6146,7,7,7,7,0,2,3,1,4
122,1,56,0,1,14,7,9,4963,6,5,3,4,4,2,2,1,3
123,0,51,1,2,6,23,7,19537,5,20,15,18,15,3,1,3,3
124,1,31,1,1,6,12,4,6172,7,7,7,7,7,3,2,2,2
125,0,26,0,1,6,5,1,2368,6,5,3,4,4,2,3,3,2
126,1,58,0,1,23,40,1,10312,0,40,6,10,15,4,4,4,2
127,1,19,1,2,22,0,1,1675,8,0,0,0,0,3,4,4,2
128,0,22,1,1,2,3,0,2523,2,2,1,1,2,4,3,3,3
129,0,49,0,1,20,16,1,6567,4,15,11,11,5,1,3,3,2
130,0,43,0,2,28,18,4,4739,6,3,2,2,1,3,2,4,3
131,0,50,0,2,12,16,4,9208,7,2,1,2,2,4,3,4,3
132,1,31,0,1,20,4,3,4559,7,2,2,2,2,3,2,3,3
133,0,41,1,0,9,12,3,8189,7,9,7,7,0,3,3,3,3
134,0,26,0,1,25,8,1,2942,1,8,7,7,5,3,3,4,3
135,0,36,1,0,6,7,6,4941,4,3,1,2,0,2,2,4,3
136,1,51,1,2,8,18,2,10650,4,4,3,2,0,4,1,4,3
137,0,39,0,1,4,17,4,5902,7,15,9,11,5,3,4,3,4
138,0,25,1,1,28,6,2,8639,7,2,2,2,2,3,1,4,3
139,0,30,1,1,9,12,0,6347,1,11,7,9,4,4,3,4,1
140,1,32,0,2,9,10,7,4200,2,5,4,4,0,1,1,1,4
141,0,45,1,2,29,9,5,3452,6,6,3,5,0,4,3,2,2
142,0,38,0,2,3,19,3,4317,6,3,2,2,2,3,4,2,3
143,0,30,0,2,18,5,1,2632,6,5,4,4,0,3,1,3,2
144,0,32,1,0,9,9,0,4668,7,8,7,7,0,4,4,4,4
145,0,30,0,0,5,8,5,3204,6,3,2,2,2,1,4,4,3
146,0,30,1,2,2,6,0,2720,2,5,2,3,1,4,2,4,3
147,0,41,1,0,10,21,4,17181,3,7,7,6,7,1,4,2,2
148,0,41,1,1,9,7,2,2238,2,5,4,0,1,1,3,4,3
149,0,19,0,2,3,1,1,1483,2,1,0,0,0,2,2,4,3
150,0,40,0,0,26,20,1,5605,6,20,13,7,2,2,2,1,3
151,0,35,1,1,1,10,1,7295,7,10,6,8,0,2,3,1,3
152,0,53,1,1,6,13,2,2306,8,7,5,7,4,3,2,4,1
153,0,45,1,0,9,20,8,2348,2,17,15,9,0,2,2,3,1
154,0,32,0,2,8,9,1,8998,7,9,7,8,3,4,2,4,3
155,0,29,1,1,1,10,1,4319,4,10,9,7,0,3,4,1,3
156,0,51,1,1,7,10,2,6132,4,1,0,0,0,3,2,3,3
157,0,58,0,1,9,9,4,3346,6,1,0,0,0,2,2,2,2
158,0,40,1,1,4,15,7,10855,7,12,11,11,2,4,3,1,2
159,0,34,0,1,2,6,6,2231,8,4,2,3,1,3,3,4,3
160,0,22,1,1,19,2,1,2323,6,2,2,2,2,4,3,1,3
161,0,27,1,0,9,6,6,2024,6,2,2,2,2,2,4,4,1
162,0,28,1,1,21,5,1,2713,6,5,2,2,0,4,3,3,1
163,0,57,1,0,24,12,3,9439,0,5,4,3,1,4,3,2,1
164,0,27,1,0,3,1,1,2566,6,1,1,1,0,3,3,4,2
165,0,50,0,2,11,21,3,19926,3,5,4,4,4,2,3,2,3
166,0,41,1,0,14,13,4,2451,6,9,8,8,1,3,1,1,3
167,0,30,0,1,5,12,2,9419,7,10,4,9,7,4,2,3,3
168,0,38,0,2,1,12,4,8686,7,8,7,3,0,4,1,3,4
169,0,32,1,2,6,8,3,3038,6,5,4,4,1,3,3,1,3
170,0,27,1,1,17,6,0,3058,6,5,1,2,1,2,3,4,2
171,1,19,0,2,1,1,0,2325,8,0,0,0,0,1,3,1,4
172,0,36,1,2,3,13,4,2088,2,8,2,7,7,2,4,3,2
173,0,30,1,0,9,12,1,3072,2,12,10,9,6,1,3,3,3
174,0,45,0,0,4,9,4,5006,7,5,3,4,0,1,3,1,4
175,0,56,0,0,8,19,4,4257,6,2,2,2,2,1,3,3,3
176,0,33,1,2,2,4,0,2500,6,3,2,1,0,4,3,1,4
177,1,19,1,2,2,1,1,1102,2,1,0,0,1,4,2,3,2
178,0,46,0,0,1,24,1,10453,7,24,7,13,15,1,2,3,3
179,0,38,0,2,9,2,1,2288,2,2,1,2,2,4,3,3,3
180,0,31,0,1,12,7,8,3929,6,4,2,2,0,4,3,3,3
181,0,34,0,2,27,9,2,2311,6,3,2,2,1,2,4,4,3
182,1,41,0,2,20,4,1,3140,8,4,2,3,0,2,2,4,2
183,0,50,1,1,1,5,2,3690,2,3,2,2,0,3,3,4,2
184,0,53,0,0,13,5,1,4450,4,4,3,2,1,1,4,3,3
185,0,33,0,1,14,8,1,2756,6,8,6,7,1,2,4,4,3
186,0,40,0,1,4,21,1,19033,3,20,9,8,9,3,4,2,3
187,0,55,1,2,14,36,8,18722,5,24,15,15,2,2,3,4,3
188,0,34,1,1,2,10,1,9547,4,10,9,9,1,3,4,3,2
189,0,51,0,2,3,21,3,13734,0,7,0,7,1,2,4,3,3
190,0,52,1,1,1,34,0,19999,3,33,9,18,11,3,3,1,3
191,0,27,0,2,9,7,1,2279,6,7,3,7,0,2,4,4,2
192,1,35,1,1,23,8,3,5916,4,1,1,0,0,3,2,1,3
193,0,43,1,0,7,7,4,2089,6,5,2,4,2,4,4,4,4
194,0,45,1,1,2,22,9,16792,3,20,8,8,11,4,1,4,3
195,0,37,1,1,21,8,1,3564,6,8,7,7,1,1,2,1,2
196,0,35,0,2,2,10,5,4425,2,6,2,2,1,2,2,4,3
197,0,42,0,0,21,11,2,5265,4,5,2,3,0,3,3,2,3
198,0,38,1,1,2,14,9,6553,4,1,0,0,0,3,4,2,3
199,0,38,1,1,29,9,3,6261,4,7,7,7,1,4,4,1,1
200,0,27,1,1,1,6,5,4298,4,2,0,2,2,1,3,3,3
201,0,49,1,0,18,7,1,6804,4,7,7,7,1,4,4,1,3
202,0,34,1,0,10,5,1,3815,6,5,0,3,2,3,4,4,4
203,0,40,1,1,19,15,8,2741,2,7,7,2,3,4,3,3,4
204,1,38,1,1,29,17,7,6673,0,1,0,0,0,1,2,2,3
205,1,29,0,1,27,10,1,7639,7,10,9,4,1,4,2,4,2
206,0,22,1,0,5,4,1,2328,6,4,2,2,2,2,4,1,2
207,0,36,0,2,18,8,1,2153,2,8,7,1,1,4,2,1,3
208,0,40,1,1,9,5,9,4876,0,3,2,2,0,4,4,4,1
209,0,46,1,0,1,17,7,9396,0,4,3,2,0,1,4,3,3
210,1,32,1,1,4,14,1,10400,7,14,8,8,9,4,4,3,2
211,0,30,1,2,1,12,1,8474,4,11,8,8,5,3,3,3,3
212,0,27,0,2,20,7,1,9981,7,7,7,7,0,3,4,4,3
213,0,51,1,1,8,16,5,12490,5,10,7,9,4,2,2,4,1
214,1,30,0,2,3,8,5,2657,6,5,4,2,0,1,4,3,3
215,0,41,0,2,6,16,3,13591,3,1,0,0,0,4,4,3,3
216,1,30,0,2,26,9,5,6696,7,6,1,3,0,1,3,3,2
217,1,29,1,2,1,7,0,2058,6,6,5,2,1,3,3,4,2
218,0,45,0,2,6,23,6,8865,7,19,8,7,12,4,4,4,3
219,0,54,0,1,3,16,2,5940,7,6,5,2,0,1,4,4,3
220,0,36,1,2,5,16,8,5914,2,13,7,11,3,2,4,4,4
221,0,33,0,1,4,7,6,2622,6,3,1,2,1,2,3,4,3
222,0,37,1,0,11,10,1,12185,5,10,7,8,0,4,2,3,3
223,0,38,1,0,3,17,0,10609,7,16,13,10,5,3,1,3,2
224,0,31,1,1,1,6,0,4345,4,5,4,4,1,3,3,4,3
225,0,59,1,1,3,7,3,2177,6,1,0,0,0,4,3,1,3
226,0,37,1,0,4,13,4,2793,8,9,8,8,5,4,1,3,3
227,0,29,0,1,1,11,1,7918,7,11,1,10,4,4,2,4,3
228,0,35,0,2,1,10,1,8789,7,10,8,7,0,3,3,1,4
229,1,29,1,2,18,4,1,2389,6,4,1,3,0,4,3,3,2
230,0,52,0,2,2,6,7,3212,2,2,2,2,2,4,3,2,2
231,0,42,1,1,4,22,1,19232,3,22,15,17,11,4,3,4,3
232,0,59,1,1,6,7,8,2267,1,2,2,2,2,3,2,4,2
233,0,50,0,0,1,32,3,19517,3,7,6,0,0,4,4,3,2
234,1,33,1,1,14,8,5,2436,2,5,4,4,0,4,3,3,1
235,0,43,0,1,16,22,5,16064,3,17,9,13,1,4,4,3,3
236,1,33,0,1,2,13,7,2707,2,9,7,7,1,1,1,1,4
237,0,52,1,2,2,33,1,19068,3,33,12,7,15,3,1,4,4
238,0,32,0,1,4,6,2,3931,8,4,2,3,1,2,3,1,3
239,1,32,1,2,1,4,0,3730,2,3,2,2,1,3,4,4,1
240,0,39,0,0,1,7,7,2232,2,3,2,2,1,3,3,3,3
241,0,32,1,1,26,4,0,4465,7,3,2,2,2,4,3,1,3
242,0,41,1,0,19,17,2,3072,6,1,0,0,0,1,3,1,2
243,0,40,1,0,24,9,1,3319,6,9,7,8,4,4,1,1,3
244,0,45,1,1,1,25,0,19202,3,24,7,0,1,4,3,3,3
245,0,31,1,0,3,9,9,13675,5,2,2,2,2,3,2,1,3
246,0,33,0,1,5,2,1,2911,6,2,2,2,0,4,3,3,2
247,0,34,1,1,2,13,6,5957,4,11,9,9,5,1,4,2,3
248,0,37,0,1,1,17,2,3920,6,3,2,1,0,1,3,1,2
249,0,45,1,1,7,9,4,6434,4,3,2,2,0,3,1,4,3
250,1,37,1,0,10,17,6,10048,4,1,0,0,0,3,1,2,3
251,0,39,0,2,2,20,0,10938,0,19,8,6,11,3,3,4,3
252,0,29,1,2,15,6,1,2340,6,6,5,5,1,4,3,1,3
253,0,42,0,2,17,10,3,6545,6,3,2,2,0,1,4,3,3
254,0,29,1,0,20,10,2,6931,7,3,2,2,0,4,4,4,3
255,0,25,0,1,1,5,0,4898,4,4,2,2,1,3,1,4,3
256,0,42,0,0,2,10,0,2593,2,9,8,6,7,1,4,3,3
257,0,40,1,0,2,22,0,19436,5,21,9,7,3,3,1,4,3
258,0,51,1,1,1,1,1,2723,6,1,0,0,0,4,3,2,2
259,1,31,1,2,29,6,0,3479,2,5,4,4,1,2,3,2,4
260,0,32,1,1,7,5,1,2794,2,5,3,1,0,2,2,3,1
261,0,38,1,1,2,13,3,5249,7,8,5,7,7,4,4,4,3
262,0,32,1,2,2,9,4,2176,2,6,4,2,0,1,4,4,3
263,0,46,0,1,2,28,3,16872,3,7,7,7,7,2,3,2,2
264,1,28,1,2,2,5,2,3485,2,0,0,0,0,3,1,3,1
265,0,29,1,1,2,10,2,6644,7,0,0,0,0,2,1,2,3
266,0,31,1,1,23,10,0,5582,0,9,8,0,7,4,2,2,3
267,0,25,1,0,5,6,1,4000,0,6,5,3,1,1,2,4,3
268,0,45,1,1,20,21,0,13496,0,20,10,7,4,4,3,2,3
269,0,36,1,1,6,16,0,3210,2,15,11,13,10,4,4,3,3
270,0,55,1,2,1,37,0,19045,3,36,13,10,4,1,4,3,3
271,1,47,1,1,29,10,1,11849,3,10,9,7,9,2,1,4,2
272,0,28,1,1,9,5,1,2070,6,5,4,2,0,4,4,4,2
273,0,37,1,1,6,7,4,6502,7,5,1,4,0,4,3,2,4
274,0,21,1,2,3,3,1,3230,6,3,0,2,1,3,4,1,4
275,0,37,0,0,1,15,2,13603,5,5,2,2,0,4,1,1,3
276,0,35,0,0,22,10,7,11996,3,7,2,7,6,2,2,2,2
277,0,38,0,0,7,8,1,5605,7,8,7,0,7,1,1,3,3
278,0,26,0,0,1,6,1,6397,4,6,4,5,1,2,3,1,1
279,0,50,1,0,4,28,3,19144,5,10,6,4,1,2,1,1,2
280,0,53,1,1,3,21,3,17584,5,5,3,3,1,3,3,4,2
281,0,42,1,1,1,20,1,4907,7,20,6,16,11,3,2,3,3
282,0,29,1,2,2,10,1,4554,7,10,9,7,0,4,2,1,2
283,0,55,1,1,20,12,3,5415,2,10,8,7,0,4,2,4,3
284,0,26,1,1,11,5,1,4741,0,5,3,3,3,1,1,3,3
285,0,37,0,2,1,17,1,2115,6,17,7,12,5,4,4,2,3
286,1,44,1,0,24,19,3,3161,2,1,0,0,0,3,4,4,1
287,0,38,1,0,23,10,9,5745,0,2,2,2,1,4,4,2,3
288,1,26,1,0,16,5,2,2373,2,3,2,2,0,2,1,4,3
289,0,28,0,2,8,5,1,3310,6,5,2,3,0,4,4,4,3
290,0,49,0,2,10,22,9,18665,5,3,2,2,1,1,3,4,3
291,0,36,1,2,3,10,4,4485,6,8,7,0,7,2,3,4,3
292,0,31,0,0,5,2,1,2789,8,2,2,2,2,2,4,3,2
293,1,26,1,2,4,8,1,5828,7,8,4,7,7,4,4,2,3
294,0,37,1,1,9,4,1,2326,6,4,2,2,1,4,2,3,2
295,0,42,0,1,26,23,5,13525,7,20,8,4,4,2,3,4,4
296,1,18,1,2,3,0,1,1420,2,0,0,0,0,3,3,3,3
297,0,35,1,1,16,12,0,8020,7,11,9,9,6,2,3,3,2
298,0,36,1,1,18,4,4,3688,2,1,0,0,0,4,3,4,3
299,0,51,1,0,2,13,5,5482,4,4,2,1,1,2,4,4,3
300,0,41,1,2,2,22,1,16015,3,22,4,10,0,2,4,2,3
301,0,18,0,2,10,0,1,1200,8,0,0,0,0,3,4,1,3
302,0,28,1,2,16,9,0,5661,0,8,7,3,0,1,2,3,3
303,0,31,1,1,7,10,4,6929,7,8,7,7,7,4,2,2,2
304,0,39,1,0,1,19,0,9613,0,18,7,10,3,4,3,1,2
305,0,36,0,1,24,11,7,5674,2,9,8,8,0,2,2,3,3
306,0,32,1,1,7,13,1,5484,7,13,8,8,4,3,4,3,2
307,0,38,0,1,25,19,3,12061,5,10,1,8,0,2,1,3,3
308,0,58,1,0,1,12,2,5660,0,5,2,3,1,3,4,4,3
309,0,31,1,1,5,6,0,4821,6,5,3,2,0,4,3,3,3
310,0,31,1,1,2,9,3,6410,1,2,0,2,1,1,1,4,3
311,0,45,1,0,7,24,1,5210,2,24,11,9,9,1,1,1,3
312,0,31,1,0,2,3,0,2695,6,2,2,2,2,4,3,2,1
313,0,33,0,1,5,12,6,11878,3,10,8,6,8,2,4,2,3
314,0,39,1,1,10,21,1,17068,3,21,10,9,11,1,3,4,3
315,0,43,0,2,10,9,0,2455,2,8,7,7,1,4,3,1,3
316,0,49,0,2,1,25,7,13964,0,7,7,1,0,3,3,4,3
317,1,52,1,1,8,11,2,4941,6,8,7,2,7,2,3,1,2
318,0,27,0,2,5,4,1,2478,6,4,2,3,1,2,3,2,2
319,0,32,0,1,8,13,1,5228,7,13,9,12,11,2,3,4,3
320,0,27,1,2,2,5,1,4478,7,5,4,4,0,3,4,1,3
321,0,31,1,0,7,13,4,7547,7,7,7,7,1,4,4,4,3
322,0,32,0,2,2,10,7,5055,6,7,7,7,0,4,1,3,2
323,1,28,1,1,2,5,5,3464,6,3,2,2,2,4,1,4,2
324,0,30,0,1,28,11,1,5775,6,10,9,8,1,4,4,4,3
325,0,31,0,1,7,10,1,8943,4,10,9,9,8,3,3,1,3
326,0,39,1,1,7,21,1,19272,3,21,3,9,13,4,3,1,3
327,1,39,0,1,3,12,4,5238,7,1,0,0,0,3,4,1,2
328,0,33,1,2,10,9,3,4682,7,7,1,7,0,4,2,3,2
329,0,47,1,1,5,21,4,18300,5,3,1,2,1,3,4,2,3
330,0,43,0,0,10,9,1,5257,2,9,0,7,0,3,3,2,4
331,0,27,1,1,1,6,0,6349,7,5,4,4,1,2,3,4,3
332,0,54,0,2,20,20,3,4869,6,4,3,3,0,3,4,4,2
333,0,43,0,1,7,10,8,9985,0,1,0,0,0,1,3,1,2
334,0,45,1,1,8,12,9,3697,6,10,8,9,9,4,4,1,3
335,0,40,1,1,1,6,2,7457,7,4,2,3,0,4,2,3,2
336,1,29,1,1,8,7,1,2119,2,7,7,7,0,1,2,4,2
337,0,29,1,2,9,4,0,3983,2,3,2,2,2,4,2,3,3
338,0,30,0,0,5,10,1,6118,7,10,2,9,1,3,4,3,3
339,0,27,0,1,8,8,1,6214,7,8,7,7,0,2,2,1,3
340,0,37,1,0,5,8,7,6347,4,6,4,2,0,4,4,3,2
341,0,38,1,0,15,12,0,11510,5,11,9,10,2,4,3,2,3
342,0,31,0,2,7,11,1,7143,4,11,10,9,4,4,3,3,2
343,0,29,0,0,10,7,1,8268,7,7,7,7,1,2,4,1,3
344,0,35,1,2,5,17,0,8095,4,16,13,6,0,2,3,4,3
345,0,23,1,0,26,4,1,2904,6,4,2,2,0,4,3,3,2
346,0,41,1,2,6,8,6,6032,4,5,2,4,1,2,4,4,3
347,0,47,1,2,4,5,3,2976,8,0,0,0,0,3,2,1,3
348,0,42,0,2,23,16,2,15992,5,1,0,0,0,4,1,2,3
349,0,29,1,1,2,4,1,4649,7,4,2,3,0,3,4,1,2
350,0,42,1,0,2,4,0,2696,1,3,0,2,1,3,3,3,3
351,0,32,0,1,2,8,1,2370,2,8,7,0,0,2,3,3,3
352,0,48,0,1,29,15,3,12504,3,0,0,0,0,3,1,2,1
353,0,37,1,0,6,13,4,5974,6,7,7,7,6,1,3,1,3
354,0,30,0,1,25,4,7,4736,7,2,2,2,2,3,4,2,4
355,0,26,1,1,1,8,1,5296,7,8,7,7,7,3,3,2,3
356,0,42,1,2,2,14,3,6781,0,1,0,0,0,4,1,2,3
357,1,21,0,2,1,3,1,2174,8,3,2,2,1,2,1,3,3
358,0,36,0,2,1,7,4,6653,7,1,0,0,0,4,4,2,3
359,0,36,1,1,3,16,4,9699,7,13,12,9,1,4,1,1,3
360,0,57,1,1,1,15,2,6755,0,3,2,2,1,3,4,3,3
361,0,40,0,1,10,10,3,2213,2,7,7,7,1,3,4,3,3
362,0,21,1,2,9,3,1,2610,8,3,2,2,2,4,1,3,2
363,1,33,0,2,5,1,1,2851,8,1,0,0,0,3,4,2,3
364,0,37,0,1,10,17,6,3452,2,5,3,4,0,1,3,2,3
365,0,46,0,1,7,7,2,5258,4,1,0,0,0,3,3,3,4
366,1,41,1,2,4,8,1,9355,7,8,7,7,7,2,1,3,3
367,0,50,1,2,10,20,6,10496,0,4,3,3,1,4,4,4,3
368,1,40,1,1,22,8,2,6380,7,6,0,4,1,3,3,1,3
369,0,31,1,2,9,3,0,2657,6,2,2,2,2,2,3,4,3
370,1,21,0,2,12,1,1,2716,8,1,0,0,0,2,3,4,3
371,0,29,1,2,23,6,9,2201,6,3,2,2,1,4,4,4,3
372,0,35,1,2,9,10,9,6540,0,1,0,1,0,2,3,3,3
373,0,27,1,0,1,5,1,3816,2,5,4,2,0,2,4,2,3
374,0,28,1,2,9,7,1,5253,7,7,7,5,0,4,2,4,3
375,0,49,1,2,7,26,8,10965,0,5,0,2,0,3,2,3,3
376,0,51,0,1,14,18,4,4936,7,7,7,7,0,4,3,3,2
377,0,36,0,1,2,6,4,2543,6,2,2,2,2,3,4,2,3
378,1,34,1,2,19,9,8,5304,7,5,4,2,0,4,1,2,2
379,0,55,0,2,2,30,2,16659,3,5,2,4,1,4,3,3,3
380,0,24,0,0,10,5,1,4260,7,5,3,2,0,3,4,4,4
381,0,30,1,1,2,1,1,2476,8,1,0,0,0,2,3,1,3
382,1,26,1,2,3,7,0,3102,6,6,4,4,0,1,3,3,3
383,0,22,0,1,11,2,1,2244,6,2,2,1,1,2,1,4,3
384,0,36,1,1,2,10,1,7596,7,10,0,9,9,3,2,2,3
385,1,30,1,2,4,3,9,2285,6,1,0,0,0,4,3,3,3
386,0,37,0,0,14,18,1,3034,2,18,17,7,12,1,4,3,2
387,0,40,0,0,2,8,7,5715,7,5,3,4,1,2,4,3,3
388,0,42,0,0,1,8,3,2576,2,5,2,2,1,1,2,2,3
389,0,37,1,2,10,18,2,4197,4,1,1,0,0,2,3,4,2
390,0,43,1,0,12,25,1,14336,5,25,9,10,3,2,1,3,3
391,0,40,0,1,2,20,6,3448,2,1,0,0,0,3,2,2,3
392,0,54,1,1,5,24,4,19406,5,4,2,2,1,1,1,3,2
393,0,34,0,1,4,6,9,6538,7,3,2,2,1,3,3,1,3
394,0,31,0,1,7,13,1,4306,4,13,12,10,3,1,2,2,1
395,0,43,1,1,21,8,7,2258,2,3,2,2,1,4,4,1,3
396,0,43,0,0,8,8,4,4522,0,5,2,2,0,3,3,4,3
397,0,25,0,2,4,5,1,4487,7,5,3,4,1,4,2,2,3
398,0,37,0,1,25,15,3,4449,6,13,7,11,10,3,2,1,3
399,0,31,1,1,1,4,1,2218,2,4,2,2,3,1,4,3,3
400,0,39,1,0,1,21,1,19197,3,21,6,8,1,3,2,3,3
401,0,56,0,1,6,36,9,13212,7,7,7,7,7,1,3,4,2
402,0,30,0,2,12,6,0,6577,7,5,4,4,4,3,2,2,3
403,0,41,1,1,1,10,1,8392,7,10,7,7,0,1,2,3,3
404,0,28,1,0,17,10,1,4558,2,10,8,0,1,1,3,4,3
405,1,25,1,1,3,6,5,4031,2,2,2,2,0,1,1,3,3
406,0,52,1,1,3,28,2,7969,4,5,4,4,0,3,4,3,3
407,0,45,1,1,10,8,3,2654,6,2,2,2,0,4,1,4,2
408,0,52,0,1,4,31,2,16555,3,5,4,2,1,4,4,4,1
409,0,42,0,0,29,19,2,4556,6,5,2,4,0,3,1,2,3
410,0,30,0,2,2,11,2,6091,4,5,2,4,0,4,3,3,3
411,0,60,0,1,7,33,5,19566,3,29,10,8,11,1,1,4,1
412,0,46,0,0,18,19,2,4810,4,10,8,7,0,3,3,3,2
413,0,42,0,1,28,7,0,4523,0,6,4,5,0,4,4,4,4
414,1,24,0,2,1,6,1,3202,8,5,4,3,1,2,1,2,3
415,1,34,0,0,6,3,0,2351,8,2,0,2,1,3,4,4,2
416,0,38,1,1,2,1,1,1702,2,1,0,0,0,4,4,3,3
417,0,40,0,1,2,21,0,18041,3,20,12,15,1,3,3,4,3
418,0,26,0,0,23,3,1,2886,6,3,2,2,0,4,1,2,1
419,0,30,1,1,3,9,4,2097,2,5,4,3,1,4,3,3,1
420,0,29,1,1,3,10,1,11935,5,10,7,2,0,3,2,3,3
421,1,29,0,1,25,6,5,2546,6,2,1,2,1,2,3,2,4
422,1,19,1,2,2,1,1,2564,1,1,0,0,0,4,1,3,4
423,0,30,0,1,22,10,0,8412,7,9,8,8,7,1,3,3,3
424,0,57,1,0,29,32,3,14118,3,1,0,0,0,4,1,3,2
425,0,50,1,1,29,28,0,17046,3,27,7,10,15,3,2,2,3
426,0,30,0,2,2,12,0,2564,2,11,7,7,6,4,3,3,2
427,0,60,0,1,28,22,4,10266,7,18,11,13,13,1,3,4,4
428,0,47,0,0,2,20,5,5070,4,5,4,0,0,4,1,3,3
429,0,46,1,1,2,26,6,17861,5,3,1,2,0,3,1,3,1
430,0,35,1,2,22,6,0,4230,2,5,3,4,4,3,4,3,3
431,0,54,0,2,8,19,7,3780,2,1,0,0,0,3,3,3,3
432,0,34,1,0,2,14,3,2768,6,7,7,3,5,3,4,3,3
433,0,46,0,1,10,15,2,9071,7,3,2,2,1,4,3,3,3
434,0,31,1,0,9,13,1,10648,4,13,8,8,0,2,3,4,4
435,1,33,1,1,15,15,7,13610,3,7,7,6,7,3,2,4,4
436,1,33,1,0,10,8,7,3408,2,4,3,3,1,4,1,1,3
437,0,30,1,2,7,4,0,2983,8,3,2,2,1,2,4,1,3
438,0,35,1,1,16,10,4,7632,0,8,0,7,0,3,4,3,3
439,1,31,1,1,20,12,3,9824,0,1,0,0,0,3,1,1,3
440,1,34,0,0,23,11,9,9950,1,3,2,2,0,1,2,3,3
441,0,42,1,1,5,8,4,2093,2,2,0,2,2,3,2,4,3
442,0,36,1,2,10,10,1,9980,7,10,7,3,9,4,2,4,2
443,1,22,1,2,4,4,5,3894,2,2,2,2,1,3,3,3,3
444,0,48,0,1,2,14,2,4051,7,9,7,7,6,4,2,1,3
445,0,55,0,2,18,37,3,16835,3,10,7,9,7,2,1,4,3
446,0,41,1,2,10,16,7,6230,7,14,10,3,1,4,4,4,3
447,0,35,1,1,1,15,9,4717,7,11,9,9,6,3,2,3,3
448,0,40,0,2,6,22,7,13237,4,20,13,6,5,3,2,3,3
449,0,39,0,1,8,8,1,3755,2,8,7,3,0,3,3,1,3
450,0,31,1,2,2,10,4,6582,7,6,5,5,0,4,2,3,4
451,0,42,1,1,24,10,1,7406,4,10,8,9,5,1,4,4,2
452,0,45,1,1,2,9,0,4805,7,8,7,7,3,2,4,2,4
453,1,26,0,0,17,8,0,2741,1,7,0,7,1,3,2,2,2
454,0,29,1,0,19,8,4,4262,4,3,2,2,1,4,4,2,4
455,0,33,0,0,1,10,4,16184,5,6,5,1,0,3,1,3,3
456,0,31,1,0,7,10,9,11557,3,5,1,4,0,4,3,3,2
457,1,18,1,2,5,0,1,1878,8,0,0,0,0,2,2,4,3
458,0,40,1,0,28,20,3,10932,7,1,1,0,0,1,3,3,3
459,0,41,0,2,2,10,2,6811,0,8,7,7,0,3,1,1,3
460,0,26,1,0,29,8,5,4306,7,0,0,0,0,3,1,1,3
461,0,35,0,2,1,5,1,4859,7,5,3,4,0,3,1,4,3
462,0,34,1,2,21,10,1,5337,7,10,7,7,5,4,4,4,3
463,1,26,1,2,24,1,1,2340,2,1,0,0,0,4,3,2,1
464,0,37,0,2,1,12,4,7491,4,6,2,5,1,4,2,4,4
465,0,46,0,1,18,28,5,10527,0,2,2,2,1,3,1,4,2
466,0,41,0,1,2,22,7,16595,3,18,8,16,11,1,2,2,3
467,0,37,1,0,9,9,1,8834,7,9,7,5,7,2,1,4,3
468,0,52,1,0,6,18,3,5577,6,10,9,9,6,1,4,2,3
469,1,32,1,1,11,6,8,4707,7,4,2,2,1,3,4,4,3
470,0,24,1,1,24,3,0,2400,8,2,1,2,2,4,4,3,3
471,0,38,0,1,10,18,3,9824,0,1,0,0,0,3,3,3,3
472,0,37,0,1,1,8,6,6447,4,6,3,5,4,2,2,2,2
473,0,49,1,0,18,31,1,19502,5,31,9,9,0,3,4,3,3
474,0,24,1,1,23,6,1,2725,6,6,4,5,1,4,2,2,3
475,0,26,1,1,28,6,1,6272,7,5,4,3,1,2,1,4,4
476,0,24,1,1,17,1,1,2127,2,1,0,0,0,2,4,4,3
477,0,50,1,1,3,32,1,18200,3,32,7,5,10,2,1,3,3
478,0,25,1,1,13,7,1,2096,8,7,6,4,0,3,2,3,3
479,1,24,0,1,7,6,1,2886,2,6,2,3,1,3,1,4,3
480,1,30,1,1,12,1,1,2033,8,1,0,0,0,1,2,3,4
481,0,34,1,1,1,6,1,3622,6,6,3,5,1,4,2,4,3
482,1,31,1,0,13,9,2,4233,7,3,2,1,1,1,2,3,1
483,0,35,1,2,25,9,4,3681,2,3,2,2,0,4,1,4,3
484,0,31,1,0,6,13,4,5460,7,7,7,7,5,4,1,4,4
485,0,27,0,0,6,6,0,2187,6,5,3,3,0,3,1,3,2
486,0,37,1,1,2,17,4,9602,7,3,0,0,1,3,4,3,2
487,0,20,0,2,1,1,1,2836,6,1,0,0,0,2,4,4,4
488,0,42,0,1,2,10,1,4089,0,10,2,2,2,4,3,2,3
489,0,43,1,0,6,21,4,16627,5,1,0,0,0,4,2,3,2
490,0,38,0,2,1,8,3,2619,6,0,0,0,0,1,3,4,2
491,0,43,1,0,9,10,3,5679,2,8,7,7,4,3,4,2,3
492,0,48,0,1,1,21,7,15402,3,3,2,2,0,1,4,1,1
493,0,44,0,2,1,10,4,5985,1,2,2,2,0,3,1,2,4
494,0,34,0,0,14,8,1,2579,8,8,6,2,0,3,3,4,3
495,1,27,1,0,2,5,0,3041,8,4,2,3,0,1,3,2,3
496,0,21,1,2,22,3,1,3447,8,3,2,2,1,3,3,3,3
497,0,44,1,1,3,26,4,19513,3,2,1,2,0,4,4,1,4
498,0,22,1,1,6,3,0,2773,6,2,2,2,2,3,1,4,3
499,0,33,1,0,8,6,0,7104,7,5,2,0,1,3,3,4,3
500,0,32,0,1,9,6,1,6322,6,6,5,4,0,4,1,4,2
501,0,30,0,0,3,1,1,2083,6,1,0,0,0,3,3,3,3
502,0,53,0,2,1,18,7,8381,7,14,10,7,8,1,4,4,4
503,0,34,1,1,1,10,1,2691,6,10,8,9,8,4,2,4,2
504,1,45,0,1,26,5,2,4286,7,1,0,1,0,1,1,4,3
505,0,26,0,1,6,3,1,2659,2,3,2,2,0,4,3,3,3
506,0,37,1,1,3,10,1,9434,4,10,8,7,7,3,3,3,3
507,0,29,0,1,3,6,1,5561,7,6,2,0,1,3,2,1,2
508,0,35,1,2,6,17,1,6646,6,17,8,11,11,4,2,2,3
509,0,33,1,0,6,15,3,7725,0,13,7,11,4,4,3,3,1
510,0,54,1,1,19,16,2,10725,1,9,1,7,7,2,3,3,4
511,0,36,1,0,9,13,2,8847,4,3,2,2,0,2,2,3,3
512,0,27,1,2,3,5,0,2045,6,4,1,2,1,4,1,4,3
513,1,20,1,2,10,1,1,1009,6,1,1,0,1,3,4,4,3
514,1,33,1,2,3,10,1,3348,6,10,7,8,9,1,1,1,3
515,0,35,1,1,3,1,1,1281,2,1,0,0,0,3,3,3,3
516,0,23,1,1,4,5,2,2819,6,3,2,2,0,1,1,1,4
517,0,25,1,1,8,4,0,4851,7,3,2,2,1,2,4,3,3
518,0,38,0,2,7,8,0,4028,7,7,5,7,0,4,4,1,3
519,0,29,1,0,1,10,1,2720,6,10,8,7,2,4,2,4,3
520,0,48,1,1,2,12,3,8120,7,2,2,2,2,2,2,4,3
521,0,27,0,0,3,6,1,4647,7,6,4,5,0,4,4,2,3
522,0,37,1,2,10,4,3,4680,6,1,0,0,0,4,4,1,3
523,0,50,1,1,28,20,1,3221,2,20,8,8,3,3,4,3,3
524,0,34,0,2,9,9,1,8621,0,8,7,7,7,2,4,2,4
525,1,24,0,2,3,4,9,4577,7,2,0,2,2,3,1,1,3
526,0,39,0,2,2,20,1,4553,0,20,10,7,11,3,4,1,3
527,0,32,1,2,10,10,1,5396,7,10,8,7,0,4,4,4,2
528,1,50,1,1,8,18,3,6796,7,4,3,3,1,3,2,1,3
529,0,38,0,2,1,10,0,7625,0,9,8,7,1,4,2,3,2
530,0,27,0,1,1,9,1,7412,4,9,7,7,0,1,3,4,3
531,0,32,0,2,3,10,3,11159,5,7,7,7,7,4,3,4,3
532,0,47,1,2,14,20,2,4960,7,7,7,7,1,1,4,4,3
533,0,40,1,1,5,20,5,10475,7,18,12,13,1,1,4,3,3
534,0,53,1,1,7,32,3,14814,5,5,3,1,1,3,3,3,3
535,0,41,1,0,10,23,3,19141,3,21,6,6,12,4,2,2,2
536,0,60,1,2,16,10,8,5405,7,2,2,2,2,1,1,4,3
537,0,27,1,0,10,9,1,8793,4,9,7,7,1,1,4,3,2
538,0,41,1,1,1,22,1,19189,3,22,10,7,2,3,4,2,3
539,0,50,1,1,8,4,7,3875,8,2,2,2,2,2,4,4,3
540,1,28,0,2,1,10,7,2216,6,7,7,7,3,2,1,4,3
541,0,36,0,1,8,10,9,11713,5,8,5,7,0,1,1,1,3
542,0,38,0,2,1,10,4,7861,4,1,0,0,0,3,3,4,4
543,0,44,1,2,24,9,2,3708,2,5,4,2,1,3,1,3,3
544,0,47,0,0,3,28,9,13770,7,22,13,2,11,3,4,4,2
545,0,30,1,0,27,10,7,5304,7,8,7,7,7,4,3,4,2
546,0,29,1,2,10,1,1,2642,8,1,0,0,0,3,3,3,3
547,1,42,1,0,19,7,6,2759,6,2,2,2,2,3,3,4,3
548,0,43,1,1,15,7,3,6804,7,2,2,2,2,4,4,3,3
549,0,34,0,2,8,10,3,6142,0,5,3,1,4,3,2,4,3
550,0,23,1,1,9,5,1,2500,2,4,2,3,0,1,2,4,4
551,0,39,0,1,3,12,9,6389,1,8,6,3,3,2,3,3,1
552,0,56,1,1,9,30,7,11103,0,10,1,7,1,4,3,3,2
553,0,40,0,2,2,5,0,2342,6,4,3,2,2,4,4,4,2
554,0,27,0,2,7,9,8,6811,0,7,7,6,0,1,4,1,1
555,0,29,1,0,10,2,1,2297,8,2,2,2,2,2,4,4,3
556,0,53,1,2,6,19,2,2450,2,2,2,2,2,4,4,4,3
557,0,35,0,0,2,16,2,5093,0,1,0,0,0,1,4,1,4
558,0,32,1,1,24,10,1,5309,2,10,7,8,4,4,1,4,3
559,0,38,1,1,2,6,6,3057,6,1,1,0,0,3,4,2,1
560,0,34,0,0,8,7,3,5121,4,0,0,0,0,1,2,3,3
561,0,52,1,1,3,34,1,16856,3,34,16,6,1,1,3,1,4
562,1,33,1,2,1,10,1,2686,6,10,8,9,7,4,4,3,2
563,0,25,0,2,26,6,1,6180,7,6,4,5,1,4,3,2,2
564,0,45,1,2,2,9,0,6632,8,8,1,7,3,3,2,1,3
565,0,23,1,2,10,2,1,3505,6,2,2,2,0,3,1,4,3
566,1,47,0,2,27,8,4,6397,7,5,3,4,1,3,2,4,3
567,0,34,1,2,2,6,1,6274,7,6,4,5,1,4,4,3,3
568,1,55,1,1,2,24,5,19859,3,5,4,2,1,1,4,4,3
569,0,36,1,2,8,10,1,7587,7,10,9,7,0,1,1,2,3
570,0,52,1,1,19,5,0,4258,6,4,2,3,1,4,4,1,3
571,0,26,0,0,1,5,3,4364,2,2,0,2,2,4,1,1,3
572,0,29,0,1,27,11,4,4335,0,8,1,7,1,3,2,1,2
573,1,26,1,2,8,6,6,5326,7,4,2,3,1,1,4,3,2
574,0,34,0,2,1,10,2,3280,6,4,3,2,1,4,2,3,3
575,0,54,0,0,19,9,9,5485,4,5,4,3,1,1,4,2,3
576,0,27,1,1,8,5,0,4342,7,4,1,2,1,4,3,2,3
577,0,37,0,0,10,6,0,2782,6,5,3,3,4,1,4,2,2
578,0,38,0,2,2,17,6,5980,4,15,12,7,4,1,1,4,3
579,0,34,0,2,2,6,1,4381,6,6,3,5,1,1,3,3,3
580,0,35,0,1,8,3,1,2572,8,3,2,2,0,4,1,2,2
581,0,30,1,1,1,7,3,3833,2,2,2,2,0,3,4,3,3
582,0,40,0,1,2,8,1,4244,0,8,7,7,3,2,3,4,3
583,0,34,0,1,8,6,5,6500,7,3,2,2,1,1,3,2,3
584,0,42,1,0,8,24,1,18430,3,24,9,7,14,4,2,2,2
585,1,23,1,1,6,1,1,1601,2,0,0,0,0,1,3,3,3
586,0,24,1,0,9,1,1,2694,2,1,0,0,0,2,3,3,3
587,0,52,0,1,11,9,8,3149,2,5,4,2,1,3,4,2,3
588,0,50,1,1,2,30,5,17639,5,4,3,3,0,3,3,4,3
589,1,29,0,1,1,1,1,2319,2,1,0,0,0,1,2,4,3
590,0,33,1,1,7,14,0,11691,5,13,7,9,3,3,3,4,4
591,1,33,0,2,16,6,5,5324,7,3,2,2,0,1,1,3,3
592,0,47,0,1,2,26,1,16752,3,26,0,14,3,4,3,3,2
593,0,36,0,1,1,10,0,5228,4,9,5,7,0,2,3,1,3
594,0,29,1,1,23,10,1,2700,6,10,7,7,0,3,3,3,3
595,1,58,1,2,2,40,7,19246,5,31,8,15,13,2,4,4,3
596,0,35,0,2,1,7,3,2506,6,2,2,2,2,3,4,3,3
597,0,42,0,1,1,8,9,6062,4,4,2,3,0,4,4,4,3
598,1,28,1,2,2,5,6,4382,6,2,1,2,2,3,3,4,2
599,0,36,1,1,13,8,4,2143,1,5,4,2,0,2,3,2,3
600,0,32,0,1,4,14,1,6162,4,14,8,13,6,3,3,3,3
601,0,40,1,2,16,10,6,5094,2,1,0,0,0,3,1,4,3
602,0,30,0,2,2,12,5,6877,4,0,0,0,0,4,3,2,2
603,0,45,0,2,2,1,1,2274,6,1,0,0,0,3,2,4,3
604,0,42,1,1,29,10,1,4434,4,9,8,8,7,2,2,4,2
605,0,38,1,0,12,13,2,6288,0,4,2,3,1,1,1,3,2
606,0,34,0,2,16,6,1,2553,6,5,3,2,1,4,3,3,3
607,1,49,0,1,11,9,1,7654,7,9,7,8,7,4,3,1,4
608,1,55,1,2,2,12,4,5160,7,9,3,7,7,4,3,3,2
609,0,43,1,1,14,22,6,17159,5,4,0,1,1,1,2,3,3
610,0,27,1,0,5,9,1,12808,5,9,8,8,0,4,3,2,3
611,0,35,1,2,7,17,3,10221,4,8,6,5,1,3,3,2,4
612,0,28,0,1,2,8,1,4779,7,8,5,7,7,2,2,1,3
613,0,34,1,1,3,4,0,3737,1,3,2,2,0,4,3,3,1
614,1,26,0,1,5,8,1,2366,6,8,7,7,1,3,3,1,3
615,0,27,1,1,3,0,1,1706,6,0,0,0,0,4,4,3,2
616,0,51,0,1,26,29,2,16307,3,20,17,6,4,3,1,3,2
617,0,44,1,2,4,10,9,5933,0,5,3,2,2,2,4,4,2
618,0,25,1,2,2,6,7,3424,6,4,1,3,0,1,1,3,2
619,0,33,1,0,1,9,1,4037,7,9,8,8,0,1,1,1,3
620,0,35,0,2,27,6,1,2559,6,6,1,5,1,1,3,4,2
621,0,36,1,1,1,18,1,6201,7,18,11,14,4,4,2,4,2
622,0,32,1,0,13,8,2,4403,7,5,3,2,0,4,2,3,2
623,0,30,1,0,5,10,9,3761,6,5,3,4,0,4,2,2,2
624,0,53,0,1,7,35,7,10934,7,5,4,2,0,4,1,4,3
625,0,45,1,0,9,18,4,10761,7,5,2,4,0,1,4,3,3
626,0,32,0,1,8,9,5,5175,6,5,3,3,1,3,3,3,2
627,0,52,0,1,25,31,3,13826,4,9,0,8,0,4,3,3,3
628,0,37,1,0,16,9,4,6334,7,1,0,0,0,3,4,4,3
629,0,28,1,0,8,6,1,4936,1,5,4,1,0,4,2,4,3
630,0,22,1,1,1,4,6,4775,4,2,2,2,2,4,4,1,1
631,0,44,1,1,8,10,2,2818,2,3,2,2,0,4,1,3,2
632,0,42,1,2,2,8,5,2515,6,2,2,1,2,4,2,4,3
633,0,36,1,1,8,6,0,2342,1,5,3,4,0,1,1,3,3
634,0,25,1,1,3,5,1,4194,7,5,3,3,0,1,3,4,3
635,0,35,0,1,9,17,1,10685,4,17,15,14,5,3,4,2,3
636,1,35,0,0,25,10,1,2022,6,10,8,2,7,2,4,1,2
637,0,32,1,0,1,4,0,2314,2,3,2,0,0,4,4,2,3
638,0,25,1,1,4,5,1,4256,7,5,3,2,0,1,3,1,4
639,0,49,0,1,1,7,2,3580,6,4,2,2,0,1,3,2,3
640,0,24,1,1,4,6,0,3162,2,5,4,2,3,4,1,4,2
641,0,32,1,1,5,10,1,6524,7,10,3,8,5,2,2,4,3
642,0,38,1,1,9,3,0,2899,8,2,2,2,1,2,2,4,3
643,0,42,0,1,3,17,2,5231,2,5,3,3,1,4,3,2,2
644,0,31,1,1,11,8,3,2356,6,6,2,4,0,4,4,2,3
645,1,29,0,0,1,5,6,2800,8,3,2,2,0,3,2,3,3
646,0,53,1,1,8,28,5,11836,7,2,2,0,2,4,1,3,3
647,0,35,1,1,25,16,3,10903,4,13,8,10,4,2,4,1,3
648,0,37,0,1,21,10,5,2973,8,5,0,4,0,4,3,2,3
649,0,53,0,2,23,33,6,14275,5,12,8,9,3,4,4,3,3
650,0,43,0,1,1,12,4,5562,0,5,2,2,2,4,4,2,2
651,0,47,0,1,2,8,0,4537,7,7,7,6,7,4,3,1,3
652,0,37,1,2,19,10,1,7642,7,10,9,0,0,2,1,4,3
653,0,50,1,0,2,31,1,17924,3,31,7,6,14,1,1,4,3
654,0,39,0,1,2,13,8,5204,1,5,4,4,0,4,4,3,3
655,0,33,1,0,3,7,3,2277,1,4,3,3,0,2,4,3,4
656,1,32,1,2,25,1,1,2795,2,1,1,0,0,4,1,3,1
657,0,29,0,0,7,8,6,2532,2,4,3,3,0,4,1,3,3
658,0,44,1,1,9,8,1,2559,6,8,1,7,7,1,2,4,3
659,0,28,1,2,5,4,1,4908,7,4,2,2,0,4,1,2,3
660,1,58,1,0,2,3,9,2380,2,1,0,0,0,4,4,4,2
661,0,43,0,0,8,4,4,4765,4,1,0,0,0,2,1,3,4
662,1,20,0,2,2,2,1,2044,8,2,2,2,0,3,3,4,2
663,1,21,0,2,18,1,1,2693,6,1,0,0,0,4,4,1,2
664,0,36,1,1,14,17,0,6586,0,16,11,8,4,4,3,1,2
665,0,47,0,2,2,3,1,3294,8,3,2,2,1,4,4,1,2
666,1,22,0,1,3,4,0,4171,4,3,2,2,0,3,2,1,4
667,1,41,0,0,2,10,4,2778,2,7,0,7,1,4,2,3,2
668,0,28,0,0,9,6,5,2377,6,2,2,2,2,3,3,2,3
669,1,39,1,1,6,8,7,2404,2,2,2,2,2,1,4,4,1
670,0,27,0,2,4,1,1,2318,6,1,0,1,0,3,2,3,3
671,0,34,1,0,10,1,1,2008,2,1,0,0,1,2,2,2,3
672,0,42,0,2,14,10,7,6244,7,5,3,4,0,3,3,1,3
673,0,33,1,2,1,6,3,2799,6,3,2,2,0,1,3,2,3
674,0,58,0,0,5,24,2,10552,0,6,4,0,0,2,3,4,3
675,0,31,1,1,7,13,3,2329,8,7,2,7,5,3,2,2,4
676,0,35,0,1,21,10,1,4014,0,10,7,6,0,4,4,4,1
677,0,49,0,1,8,29,4,7403,2,26,7,9,1,2,1,3,2
678,0,48,1,1,20,13,4,2259,6,0,0,0,0,3,4,1,2
679,0,31,0,1,20,9,1,6932,7,9,0,8,0,3,4,4,2
680,0,36,1,2,7,8,2,4678,6,6,1,2,0,4,2,3,3
681,0,38,0,1,1,15,1,13582,5,15,11,12,5,1,4,2,3
682,0,32,0,1,1,5,6,2332,2,3,2,0,0,2,3,3,3
683,1,25,1,1,19,1,1,2413,8,1,0,0,0,2,3,3,3
684,0,40,1,0,10,11,2,9705,7,1,0,0,0,2,1,2,2
685,0,26,1,2,1,7,1,4294,7,7,7,7,0,1,3,2,3
686,0,41,1,2,6,20,2,4721,2,18,17,13,2,1,4,3,3
687,0,36,1,2,2,16,4,2519,2,11,9,8,3,3,3,3,3
688,1,19,1,2,21,1,1,2121,8,1,0,0,0,2,4,2,4
689,1,20,1,2,4,1,1,2973,2,1,0,0,0,1,1,2,3
690,0,31,0,1,12,10,0,5855,0,9,5,7,8,4,4,3,1
691,0,40,1,0,9,3,8,3617,6,1,0,1,0,2,4,4,3
692,0,32,0,1,3,8,1,6725,4,8,3,7,6,1,3,3,4
693,1,36,1,1,3,16,1,10325,7,16,7,7,3,4,3,1,3
694,0,33,0,2,1,6,0,6949,0,5,4,0,1,4,2,1,3
695,1,37,1,1,1,17,5,10609,7,14,7,1,11,3,1,3,1
696,0,45,1,1,4,9,1,4447,2,9,8,7,0,2,3,2,2
697,0,29,0,1,20,3,1,2157,8,3,2,1,0,4,3,2,3
698,0,35,0,1,18,5,1,4601,7,5,0,2,1,3,3,2,3
699,0,52,1,1,1,26,2,17099,3,9,8,8,7,4,4,2,2
700,1,58,1,2,2,7,4,2479,6,1,0,0,0,3,4,1,3
701,0,53,1,0,2,22,6,14852,3,17,2,13,15,3,3,3,4
702,0,30,1,0,8,10,5,7264,7,8,7,4,7,3,3,1,4
703,0,38,0,2,10,6,1,5666,7,5,3,3,1,4,3,2,3
704,0,35,1,0,3,12,6,7823,7,10,8,9,0,4,4,2,3
705,0,39,1,2,2,9,0,7880,7,8,7,7,0,3,1,4,3
706,1,40,0,2,24,22,4,13194,7,1,0,0,0,2,2,4,2
707,0,47,1,0,16,20,1,5067,4,19,7,10,2,3,3,3,4
708,0,36,1,0,8,12,4,5079,7,7,7,7,0,4,1,4,3
709,1,31,1,2,9,4,0,2321,6,3,2,2,1,1,3,1,3
710,0,33,1,2,17,10,1,17444,3,10,0,8,6,3,4,4,3
711,1,29,0,2,10,3,6,2404,6,0,0,0,0,1,4,3,3
712,0,33,0,2,13,5,3,3452,6,3,2,2,0,4,2,1,3
713,0,45,0,0,1,8,3,2270,2,5,2,3,0,4,4,4,3
714,0,50,1,0,1,32,9,17399,5,5,3,4,1,4,4,3,2
715,0,33,0,1,1,6,1,5488,0,6,2,5,1,2,3,1,3
716,0,41,1,0,9,21,2,19419,5,18,11,16,0,3,1,2,4
717,0,27,0,1,16,4,9,2811,2,2,2,2,2,2,3,2,3
718,0,45,1,1,23,9,1,3633,2,9,8,8,0,1,4,3,3
719,0,47,0,2,4,9,1,4163,7,9,7,0,0,4,4,3,3
720,1,30,0,1,22,7,4,2132,6,5,1,2,0,3,1,2,3
721,0,50,1,1,24,22,3,13973,4,12,5,11,1,3,4,4,3
722,0,38,1,1,10,3,0,2684,6,2,2,1,0,3,3,2,2
723,0,46,1,0,7,13,6,10845,4,8,7,7,0,3,4,2,3
724,0,24,0,0,17,5,1,4377,4,4,2,2,3,3,4,2,3
725,1,35,1,0,14,5,1,3743,2,4,2,2,0,2,3,4,1
726,0,31,0,1,1,4,1,4148,4,4,3,3,0,1,3,3,3
727,0,18,1,2,5,0,1,1051,6,0,0,0,0,4,2,4,3
728,0,54,0,1,17,22,8,10739,4,10,8,7,0,3,3,3,3
729,0,35,0,0,25,16,1,10388,0,16,1,10,10,3,3,3,2
730,0,30,0,1,8,9,0,11416,5,8,7,7,1,1,2,3,2
731,1,20,0,2,11,1,1,2600,6,1,0,0,0,1,4,1,3
732,1,30,0,2,5,4,0,2422,2,3,2,2,1,2,2,1,3
733,0,26,1,1,2,8,1,5472,4,8,3,7,1,4,4,2,3
734,0,22,1,1,8,4,1,2451,2,4,1,3,1,1,2,1,2
735,0,48,1,2,6,19,2,4240,0,2,2,2,2,3,1,4,3
736,0,48,1,2,4,27,7,10999,0,15,8,11,4,3,3,2,3
737,0,41,0,2,7,8,6,5003,4,2,1,2,2,3,4,2,3
738,0,39,0,1,1,21,1,12742,4,21,8,6,11,4,4,3,3
739,0,27,0,1,2,4,0,4227,4,3,2,2,2,4,1,2,3
740,0,35,1,0,10,3,1,3917,2,3,2,2,1,4,2,1,2
741,0,42,1,1,5,21,6,18303,3,1,0,0,0,3,4,2,4
742,0,50,1,1,9,8,4,2380,2,1,0,0,0,4,1,2,3
743,0,59,0,2,2,30,3,13726,4,5,3,3,4,4,3,1,3
744,1,37,0,1,11,15,5,4777,0,1,0,0,0,2,1,1,1
745,0,55,1,1,18,17,3,6385,0,8,7,7,6,2,3,4,3
746,0,41,0,0,7,21,1,19973,5,21,10,16,5,3,2,2,3
747,0,38,1,2,3,19,8,6861,7,1,0,0,0,4,2,3,3
748,1,26,1,2,29,7,8,4969,7,2,2,2,2,1,2,4,3
749,1,52,0,1,2,33,1,19845,3,32,9,14,6,4,1,4,3
750,0,44,0,1,28,23,3,13320,7,12,11,11,11,4,4,3,3
751,0,50,0,1,1,19,0,6347,7,18,13,7,0,3,4,1,3
752,1,36,0,2,16,18,1,2743,2,17,14,13,15,1,3,3,3
753,0,39,0,2,22,21,1,10880,4,21,8,6,2,1,4,3,3
754,0,33,0,2,8,3,0,2342,8,2,2,2,2,4,2,4,2
755,0,45,0,1,11,26,3,17650,3,9,1,3,1,4,4,2,4
756,0,32,0,2,29,10,9,4025,2,8,7,7,7,3,4,2,3
757,0,34,1,0,1,16,0,9725,7,15,9,1,0,4,2,4,2
758,0,59,1,1,1,14,3,11904,3,6,4,4,0,4,2,3,1
759,0,45,1,2,24,6,1,2177,1,6,4,3,0,2,2,1,3
760,0,53,0,1,2,30,2,7525,7,15,12,7,6,2,3,1,3
761,1,36,1,0,15,9,7,4834,2,1,0,0,0,3,1,2,2
762,1,26,1,1,2,6,6,2042,6,3,2,2,1,1,1,2,3
763,0,34,0,1,10,1,1,2220,8,1,0,1,0,3,3,4,3
764,0,28,1,1,10,1,1,1052,8,1,0,0,0,2,4,2,3
765,0,38,1,1,3,8,3,2821,6,2,2,2,2,3,3,1,3
766,0,50,1,1,2,29,2,19237,5,8,7,1,7,3,2,4,2
767,0,37,0,2,3,8,3,4107,0,4,1,3,0,2,4,1,2
768,0,40,1,1,26,8,1,8396,7,7,5,7,7,1,3,2,2
769,0,26,0,0,1,5,1,2007,6,5,3,3,1,3,1,3,3
770,0,46,1,0,1,23,9,19627,5,2,2,2,2,4,4,4,3
771,0,54,0,1,2,13,6,10686,7,9,0,4,7,3,3,2,3
772,0,56,0,1,9,18,2,2942,6,5,3,4,0,3,1,2,3
773,0,36,0,2,12,15,0,8858,4,14,8,8,7,4,4,2,2
774,0,55,1,2,2,31,7,16756,3,9,2,7,6,1,3,2,4
775,0,43,1,0,25,18,5,10798,7,1,0,0,0,4,3,3,3
776,1,20,0,2,9,2,1,2323,8,2,2,2,0,4,4,2,3
777,1,21,0,2,10,1,1,1416,2,1,0,0,1,1,3,1,2
778,0,46,0,0,8,19,8,4615,6,16,7,13,1,1,4,1,3
779,1,51,1,1,4,18,9,2461,6,10,7,0,2,3,1,3,4
780,1,28,1,2,24,10,1,8722,0,10,9,7,1,1,2,1,2
781,0,26,1,1,1,6,1,3955,2,5,3,3,1,1,1,1,3
782,0,30,1,1,20,7,0,9957,4,6,2,2,0,1,3,3,2
783,0,41,0,1,7,10,1,3376,6,10,8,6,0,3,2,3,3
784,0,38,0,1,17,20,0,8823,0,19,9,9,1,3,3,1,2
785,0,40,1,1,20,14,4,10322,0,11,1,10,11,4,1,4,3
786,0,27,1,1,8,3,1,4621,2,3,2,2,1,3,1,4,3
787,0,55,1,1,2,23,3,10976,4,3,2,2,1,2,4,2,3
788,0,28,0,2,10,10,3,3660,6,8,7,7,1,3,3,4,4
789,1,44,1,1,1,24,9,10482,1,20,6,6,3,1,2,4,3
790,0,33,1,0,5,9,4,7119,0,3,2,2,1,4,4,3,3
791,1,35,1,2,4,9,0,9582,7,8,7,7,4,1,4,1,3
792,1,33,0,2,29,14,1,4508,6,13,8,7,3,3,1,2,3
793,0,28,1,0,15,4,1,2207,2,4,2,2,2,3,1,4,2
794,0,34,1,2,3,7,0,7756,0,6,4,2,0,4,1,3,2
795,0,37,0,0,10,8,2,6694,7,1,0,0,0,4,4,3,3
796,1,25,1,1,4,7,1,3691,2,7,6,7,5,4,4,2,4
797,1,26,1,0,21,1,1,2377,2,1,0,1,0,3,1,3,2
798,1,33,1,2,25,5,4,2313,6,2,2,2,2,2,1,2,3
799,0,42,1,1,2,23,0,17665,3,22,7,6,13,1,4,4,3
800,1,28,1,0,1,1,1,2596,2,1,0,0,0,2,1,1,3
801,1,50,1,2,1,5,3,4728,7,0,0,0,0,3,4,4,3
802,0,33,0,1,7,4,0,4302,7,3,2,2,0,2,4,3,3
803,0,34,1,1,3,6,3,2979,6,0,0,0,0,4,3,4,3
804,0,48,1,2,1,27,2,16885,3,5,1,4,2,4,1,3,2
805,0,45,0,1,9,15,1,5593,7,15,12,10,4,3,2,4,3
806,0,52,1,2,7,18,7,10445,0,8,0,6,4,2,2,4,3
807,0,38,1,0,10,9,0,8740,7,8,7,7,2,3,3,2,3
808,0,29,0,0,28,11,4,2514,6,7,7,5,1,4,3,1,3
809,0,28,0,0,3,10,0,7655,4,9,7,7,1,2,4,2,2
810,0,46,1,1,3,23,3,17465,3,12,9,9,4,3,1,4,3
811,0,38,1,2,2,10,7,7351,7,1,0,0,0,2,4,3,3
812,0,43,0,1,27,18,8,10820,4,8,1,7,0,1,3,3,3
813,1,39,1,0,2,21,7,12169,0,18,5,7,11,4,1,4,3
814,0,40,1,2,14,21,1,19626,5,20,9,7,4,3,3,1,4
815,0,21,0,2,1,2,1,2070,6,2,2,2,2,2,4,3,4
816,0,39,1,2,9,9,9,6782,2,5,3,4,0,2,3,3,2
817,0,36,1,2,18,18,2,7779,4,11,9,9,0,4,1,1,3
818,0,31,1,1,20,3,0,2791,8,2,2,2,2,4,3,1,3
819,0,28,1,1,2,6,0,3201,6,5,4,3,0,2,1,1,1
820,0,35,1,0,11,5,1,4968,7,5,2,2,0,4,4,4,3
821,0,49,1,1,8,22,6,13120,7,9,3,8,2,2,4,2,3
822,0,34,1,2,2,5,2,4033,4,3,2,2,0,3,4,4,2
823,0,29,0,0,10,8,0,3291,6,7,1,5,1,2,4,4,2
824,0,42,1,2,29,16,4,4272,2,1,0,0,0,4,2,1,3
825,0,29,1,1,8,10,1,5056,4,10,2,7,1,4,2,3,2
826,0,38,1,1,1,7,1,2844,1,7,0,6,5,3,3,4,4
827,0,28,1,0,6,3,1,2703,6,3,2,1,0,3,3,4,3
828,1,18,1,2,8,0,1,1904,2,0,0,0,0,3,3,4,3
829,1,33,0,2,9,6,0,8224,7,5,3,2,0,1,1,1,3
830,0,41,1,1,12,6,3,4766,2,1,0,0,0,4,2,1,3
831,1,31,1,1,15,2,1,2610,2,2,2,2,2,3,3,3,2
832,0,37,0,0,25,9,7,5731,0,6,3,2,1,4,3,3,3
833,0,27,1,1,6,4,1,2539,6,4,2,2,2,3,4,3,3
834,0,34,0,1,9,6,1,5714,7,6,3,5,1,3,2,1,2
835,0,35,1,2,8,6,1,4323,1,5,4,4,1,3,3,2,1
836,1,29,0,1,23,11,1,7336,7,11,10,8,3,1,4,1,1
837,0,40,0,2,9,20,9,13499,5,18,13,7,2,3,2,3,2
838,1,42,1,2,12,22,0,13758,7,21,14,9,13,1,3,2,2
839,0,42,1,2,4,9,7,5155,7,6,5,4,1,1,2,4,4
840,0,35,1,1,1,10,6,2258,2,8,7,0,1,3,4,2,3
841,0,24,1,2,24,6,8,3597,2,4,2,3,1,2,4,4,3
842,1,28,0,1,12,1,1,2515,2,1,0,1,0,4,3,4,2
843,0,26,1,1,3,8,1,4420,2,8,7,7,0,4,1,2,3
844,0,30,1,1,10,10,1,6578,7,10,4,3,1,3,3,1,3
845,0,40,0,1,26,16,3,4422,6,1,0,1,0,4,3,4,1
846,0,35,1,0,2,15,2,10274,4,7,4,7,6,2,3,2,4
847,0,34,1,2,1,14,0,5343,0,13,9,9,4,1,4,3,3
848,0,35,1,1,4,2,1,2376,2,2,2,2,2,4,4,2,4
849,1,43,0,2,9,7,8,5346,7,4,3,3,1,3,1,2,2
850,0,32,0,0,2,1,1,2827,8,1,0,0,0,1,3,3,3
851,0,56,0,0,4,28,4,19943,3,5,2,2,4,1,4,4,3
852,0,29,0,1,6,10,1,3131,2,10,8,8,0,4,2,1,3
853,0,19,1,2,9,1,1,2552,6,1,0,1,0,1,3,3,3
854,0,45,0,1,7,7,4,4477,6,3,2,2,0,3,1,3,2
855,0,37,0,1,1,14,1,6474,4,14,11,8,3,4,4,2,2
856,0,20,1,2,3,2,1,3033,2,2,2,2,1,3,1,1,2
857,1,44,1,2,10,6,1,2936,6,6,2,4,0,3,3,3,3
858,0,53,0,0,7,26,3,18606,3,7,7,7,4,3,4,2,3
859,0,29,0,1,15,6,0,2168,6,5,3,4,1,4,2,1,2
860,1,22,1,1,3,1,0,2853,6,0,0,0,0,4,3,2,3
861,0,46,0,1,2,28,8,17048,3,26,9,15,15,1,3,1,3
862,0,44,1,2,17,6,2,2290,6,0,0,0,0,3,4,4,3
863,0,33,1,1,2,5,1,3600,1,5,4,4,1,3,2,4,3
864,1,41,1,0,5,5,6,2107,6,1,0,0,0,1,1,1,1
865,0,30,1,0,29,8,8,4115,7,4,3,3,0,1,3,3,3
866,0,40,1,1,2,5,5,4327,7,0,0,0,0,2,2,4,3
867,0,50,0,1,2,32,2,17856,3,2,2,2,2,1,4,3,3
868,0,28,1,1,19,6,1,3196,2,6,3,5,3,1,4,3,3
869,0,46,1,1,15,25,5,19081,5,4,3,2,0,2,4,1,3
870,0,35,1,1,17,15,3,8966,7,7,7,7,1,1,3,4,3
871,1,24,0,1,17,1,1,2210,2,1,0,0,0,2,4,1,1
872,0,33,0,1,25,10,1,4539,7,10,1,7,0,3,2,1,2
873,0,36,1,0,6,7,1,2741,2,7,7,7,1,3,3,3,3
874,0,30,1,0,7,10,1,3491,2,10,9,7,8,3,3,1,2
875,0,44,1,2,29,20,1,4541,6,20,17,11,13,4,4,2,3
876,0,20,1,2,21,2,1,2678,8,2,2,1,2,4,3,4,3
877,0,46,1,0,2,12,2,7379,4,6,4,3,1,4,4,3,2
878,0,42,1,1,2,10,7,6272,1,4,3,3,0,1,4,1,4
879,0,60,1,0,7,12,0,5220,7,11,9,7,1,4,2,2,3
880,0,32,0,1,13,2,1,2743,2,2,2,2,2,2,3,3,3
881,0,32,0,2,2,10,4,4998,6,8,7,7,0,3,4,4,3
882,0,36,0,0,1,17,2,10252,4,7,7,7,7,1,3,3,3
883,0,33,1,1,9,15,0,2781,6,14,10,10,4,4,1,2,3
884,0,40,0,0,10,7,7,6852,7,5,3,1,1,2,2,2,4
885,0,25,1,2,10,5,0,4950,7,4,1,3,1,4,3,2,3
886,0,30,1,1,1,12,0,3579,6,11,7,9,5,2,4,1,3
887,0,42,0,1,26,20,3,13191,5,1,0,0,0,1,1,3,3
888,0,35,0,1,8,16,4,10377,7,13,12,2,4,4,3,2,2
889,0,27,1,1,14,9,1,2235,6,9,8,7,6,1,1,4,2
890,0,54,0,0,1,33,7,10502,4,5,4,4,1,3,4,1,1
891,0,44,0,1,2,10,1,2011,6,10,7,5,7,4,1,4,3
892,1,19,0,2,10,1,1,1859,6,1,0,1,0,2,1,2,4
893,0,29,0,0,1,3,1,3760,6,3,2,2,1,4,1,1,3
894,0,54,1,1,3,36,3,17779,5,10,9,9,0,4,4,1,3
895,0,31,1,1,11,6,1,6833,0,6,1,5,0,1,3,4,2
896,0,31,0,2,24,10,1,6812,0,10,8,9,1,1,3,2,3
897,0,59,0,2,3,13,5,5171,7,6,5,1,0,4,3,4,3
898,0,43,1,1,3,25,3,19740,5,8,7,7,0,4,3,2,3
899,0,49,1,1,4,23,2,18711,3,1,0,0,0,3,1,3,4
900,0,36,1,1,3,12,1,3692,6,11,7,10,0,2,3,3,2
901,0,48,1,2,2,7,5,2559,2,1,0,0,0,2,4,3,2
902,0,27,1,0,4,5,1,2517,6,5,3,3,0,3,1,2,3
903,0,29,1,0,7,6,1,6623,0,6,0,0,1,4,3,2,3
904,0,48,1,2,1,25,6,18265,5,1,0,0,0,4,4,3,4
905,0,29,0,0,1,9,3,16124,5,7,7,7,1,4,4,2,2
906,0,34,0,1,20,2,0,2585,6,1,0,0,0,3,3,4,2
907,0,44,1,1,5,26,7,18213,3,22,10,9,3,2,2,3,3
908,0,33,1,0,10,10,0,8380,7,9,8,8,0,3,4,4,3
909,0,19,0,2,25,1,1,2994,6,1,1,0,0,4,2,4,3
910,0,23,1,1,1,1,1,1223,6,1,1,0,0,3,4,4,3
911,1,25,1,2,24,1,1,1118,8,1,0,0,1,4,3,4,3
912,0,26,1,2,4,8,1,2875,6,8,2,5,2,4,3,2,2
913,1,45,0,2,2,26,2,18824,3,24,11,10,1,2,1,1,3
914,0,55,1,0,8,34,1,13577,0,33,0,9,15,2,4,4,3
915,1,21,0,2,10,2,1,2625,2,2,2,2,2,3,1,3,1
916,0,46,0,1,4,26,2,18789,3,11,8,4,0,2,4,3,3
917,0,34,0,2,2,4,0,4538,7,3,2,2,0,1,3,4,3
918,0,51,1,0,9,31,4,19847,3,29,10,10,11,2,4,1,2
919,0,59,1,2,18,25,6,10512,4,9,4,7,5,4,4,4,2
920,0,34,0,0,19,15,4,4444,2,11,10,8,5,2,3,3,4
921,0,28,1,2,1,5,0,2154,2,4,2,2,0,3,4,3,2
922,0,44,1,0,4,26,1,19190,3,25,13,9,14,1,3,4,2
923,0,34,1,1,11,14,4,4490,1,10,8,9,1,2,3,4,4
924,0,35,1,1,6,4,0,3506,6,3,2,2,2,3,3,4,3
925,0,42,0,1,7,18,6,2372,6,1,0,0,0,2,2,4,3
926,0,43,0,2,4,23,3,10231,7,21,17,7,15,4,4,4,4
927,0,36,0,2,2,18,9,5410,4,16,12,14,5,2,3,4,3
928,1,44,0,1,15,10,1,7978,0,10,5,7,0,4,1,4,3
929,0,28,1,1,2,2,1,3867,2,2,2,2,2,4,4,2,3
930,0,51,0,2,6,8,0,2838,2,7,7,0,7,3,2,2,2
931,0,30,0,2,9,10,7,4695,4,8,7,4,1,3,3,3,3
932,1,29,0,0,7,10,3,3339,2,7,7,7,7,3,2,1,3
933,0,28,1,2,1,5,2,2080,6,3,2,2,1,1,4,2,2
934,0,25,0,2,1,2,1,2096,6,2,1,2,2,2,4,4,2
935,0,32,1,1,8,10,1,6209,7,10,8,7,0,4,3,3,4
936,0,45,0,2,25,22,3,18061,3,0,0,0,0,2,2,3,3
937,0,39,0,0,13,21,6,17123,3,19,2,9,15,2,3,4,3
938,0,58,1,0,23,2,1,2372,6,2,2,2,2,3,1,4,3
939,1,32,1,1,7,10,1,4883,2,10,1,4,1,3,4,1,3
940,1,39,1,2,23,6,0,3904,6,5,3,2,0,1,3,1,3
941,0,30,0,1,6,10,0,4627,2,9,7,2,6,4,1,1,3
942,0,36,0,1,10,10,3,7094,0,7,7,7,1,3,4,1,3
943,0,46,0,2,1,10,6,3423,1,7,7,6,5,1,4,3,4
944,0,28,0,1,1,10,0,6674,2,9,5,8,7,4,3,1,3
945,0,50,0,1,28,25,4,16880,5,3,2,2,1,1,4,2,3
946,1,40,1,2,25,9,2,9094,7,5,0,4,1,2,4,3,3
947,1,52,1,2,5,10,9,8446,7,8,7,7,7,2,2,3,2
948,0,30,0,1,17,9,1,11916,3,9,8,1,0,1,2,4,3
949,0,39,1,2,18,9,0,4534,4,8,7,7,1,3,1,1,3
950,0,31,0,0,2,10,1,9852,7,10,6,8,9,3,4,1,2
951,0,41,1,2,10,19,1,6151,7,19,9,2,11,2,3,1,3
952,1,31,0,2,1,3,1,2302,8,3,2,2,2,2,4,1,4
953,1,44,1,1,3,10,4,2362,2,3,2,2,1,1,1,3,4
954,0,42,1,1,2,21,0,17861,3,20,10,8,2,3,3,4,2
955,0,55,0,1,2,23,4,19187,3,19,11,9,9,3,4,4,3
956,0,56,1,2,8,36,6,19717,3,7,7,3,7,2,4,1,3
957,0,40,1,0,16,6,9,3544,6,4,0,2,0,3,3,2,3
958,0,34,1,0,9,10,0,8500,0,9,6,7,1,4,4,4,2
959,0,40,1,2,2,9,1,4661,6,9,8,8,8,4,3,3,3
960,0,41,0,0,1,10,0,4103,7,9,7,3,1,1,3,4,3
961,0,35,1,2,4,9,1,4249,6,9,1,6,1,3,3,2,3
962,0,51,1,0,5,33,1,14026,3,33,10,9,0,2,3,2,3
963,0,38,0,0,2,11,3,6893,7,7,7,7,1,1,2,4,3
964,0,34,0,2,15,10,1,6125,7,10,6,8,9,1,3,4,4
965,0,25,1,1,19,7,3,3669,2,3,2,2,1,4,4,3,2
966,1,58,0,1,7,31,7,10008,4,10,9,9,5,1,3,4,2
967,0,40,1,1,1,7,3,2387,2,4,3,2,0,2,2,3,3
968,0,36,0,1,7,17,2,4639,7,15,13,7,6,1,1,4,2
969,0,48,1,2,4,11,1,7898,4,10,8,9,0,4,4,3,3
970,0,27,0,1,11,5,8,2534,8,1,0,0,0,4,3,2,3
971,0,51,0,2,11,29,3,13142,4,5,3,2,0,2,4,2,2
972,0,18,0,2,1,0,1,1611,2,0,0,0,0,4,4,3,4
973,0,35,0,1,1,10,0,5363,2,9,0,7,0,4,4,2,3
974,0,27,1,2,2,8,3,5071,7,6,0,2,0,4,4,2,3
975,1,55,1,2,13,24,6,13695,7,19,8,7,3,3,1,3,2
976,0,56,1,1,23,33,4,13402,4,19,9,16,15,2,4,1,3
977,0,34,0,0,26,5,1,2029,6,5,0,4,0,3,1,3,3
978,0,40,0,0,2,15,5,6377,0,12,8,11,11,3,2,2,3
979,0,34,1,1,29,10,4,5429,2,8,7,7,7,3,2,1,3
980,1,31,0,2,2,3,7,2785,8,1,0,0,0,4,3,3,4
981,1,35,0,1,18,5,0,4614,7,4,2,2,3,3,4,3,2
982,0,38,1,0,7,4,1,2610,6,4,3,2,0,3,4,4,3
983,0,34,0,2,2,14,1,6687,0,14,11,11,4,4,3,4,4
984,0,28,1,1,26,5,1,4724,7,5,4,3,0,1,3,3,3
985,1,31,1,1,22,10,1,6179,4,10,7,2,6,3,4,4,2
986,0,39,1,1,21,8,3,6120,7,5,4,4,1,4,1,4,4
987,0,51,1,1,2,14,2,10596,7,4,2,2,3,2,2,2,3
988,0,41,0,0,22,12,3,5467,6,6,3,2,3,4,4,1,2
989,0,37,1,1,4,8,7,2996,6,6,3,4,1,3,3,4,3
990,0,33,1,1,5,8,6,9998,7,5,2,4,1,4,2,1,4
991,0,32,1,1,2,4,0,4078,7,3,2,2,1,2,3,1,2
992,0,39,1,1,25,13,3,10920,0,6,5,4,0,3,3,2,3
993,0,25,1,1,18,6,2,6232,7,3,2,2,1,3,1,2,2
994,0,52,0,1,28,24,2,13247,4,5,2,3,0,3,4,2,2
995,0,43,0,2,6,20,1,4081,6,20,8,7,1,3,1,1,1
996,0,27,0,1,10,6,1,5769,7,6,4,2,4,4,4,4,3
997,1,27,0,2,17,8,1,2394,6,8,7,2,7,3,4,4,3
998,0,26,1,2,2,5,0,3904,6,4,1,3,1,4,1,4,3
999,0,42,0,1,10,21,0,16799,3,20,9,7,0,1,3,3,3
1000,0,52,0,1,8,12,9,2950,2,5,4,4,0,1,3,3,1
1001,0,37,0,2,11,8,4,3629,2,3,2,2,0,3,1,1,3
1002,0,35,1,2,18,10,2,9362,4,2,2,2,2,4,3,3,3
1003,0,25,1,1,1,7,4,3229,2,3,2,2,0,4,1,2,2
1004,0,26,1,2,7,8,0,3578,2,7,7,7,0,1,3,4,3
1005,0,29,1,2,17,10,1,7988,1,10,9,9,0,1,2,1,2
1006,1,49,1,2,28,20,3,4284,2,4,3,3,1,1,1,1,3
1007,1,29,0,2,14,9,0,7553,0,8,7,7,7,4,3,1,3
1008,0,54,0,2,1,29,6,17328,5,20,7,7,12,4,4,4,2
1009,0,58,0,1,1,32,3,19701,5,9,5,8,1,1,4,3,3
1010,0,55,1,0,1,31,2,14732,5,7,0,7,0,4,2,4,4
1011,0,36,0,2,3,15,3,9278,7,5,1,4,0,2,1,4,3
1012,1,31,0,2,1,1,1,1359,8,1,0,0,0,3,2,2,3
1013,0,30,0,0,7,8,7,4779,7,3,2,2,0,1,4,2,3
1014,0,31,0,2,8,9,3,16422,5,3,0,2,1,2,1,3,4
1015,0,34,1,0,1,10,5,2996,6,4,3,3,1,1,4,3,3
1016,1,31,0,2,8,1,1,1261,6,1,0,0,0,2,1,3,4
1017,0,27,1,1,11,6,0,2099,2,5,4,0,1,1,2,2,4
1018,0,36,1,2,4,10,1,5810,2,10,8,4,1,4,1,3,2
1019,0,36,0,1,16,11,4,5647,7,3,2,2,0,1,3,1,2
1020,0,47,1,1,1,17,7,3420,6,6,2,5,1,4,1,3,2
1021,1,25,1,1,9,6,3,4400,8,3,2,2,2,1,1,1,3
1022,0,37,1,2,5,7,0,3500,2,6,3,5,1,3,3,1,1
1023,0,56,0,1,1,5,2,2066,6,3,0,2,1,1,1,4,4
1024,0,47,0,1,2,26,3,17169,5,20,6,17,5,3,1,2,4
1025,0,24,0,1,4,5,1,4162,7,5,3,4,0,3,4,3,3
1026,0,32,1,1,7,7,4,9204,7,4,3,3,0,4,4,3,2
1027,0,34,0,1,1,7,5,3294,2,5,2,4,0,2,4,1,2
1028,0,41,1,1,5,7,2,2127,6,4,3,2,0,3,2,1,2
1029,0,40,1,0,9,11,3,3975,2,8,7,7,0,3,3,3,4
1030,0,31,1,0,8,13,1,10793,7,13,9,7,9,4,1,1,3
1031,1,46,1,0,9,28,4,10096,7,7,3,7,4,4,1,1,4
1032,1,39,0,2,2,11,2,3646,2,1,0,0,0,1,1,2,4
1033,1,31,0,2,1,10,1,7446,4,10,7,8,4,2,3,1,3
1034,0,45,1,0,20,24,2,10851,0,7,7,7,0,1,2,2,3
1035,0,31,0,2,8,8,9,2109,1,3,2,2,0,2,4,4,3
1036,1,31,1,1,2,7,6,3722,2,2,2,2,2,4,2,3,1
1037,0,45,1,1,29,10,4,9380,4,3,2,1,1,4,2,4,4
1038,0,48,1,0,7,15,4,5486,7,2,2,2,2,1,3,1,3
1039,1,34,0,1,9,2,1,2742,1,2,2,2,2,3,1,4,3
1040,0,40,1,0,8,16,2,13757,5,9,8,8,4,2,4,3,3
1041,0,28,1,2,5,6,0,8463,7,5,3,4,1,1,4,4,3
1042,0,44,1,2,5,7,3,3162,2,5,3,2,0,3,3,4,3
1043,0,53,1,2,2,35,4,16598,5,9,8,8,8,2,4,2,2
1044,0,49,1,1,5,20,2,6651,0,3,2,2,1,3,1,2,2
1045,0,40,1,0,2,8,2,2345,6,3,2,1,1,3,3,3,4
1046,0,44,1,2,20,6,1,3420,6,5,3,2,1,2,4,3,2
1047,0,33,1,1,7,5,0,4373,7,4,3,3,0,1,4,1,3
1048,0,34,1,2,3,15,3,4759,7,13,12,9,3,1,4,4,3
1049,0,30,1,1,16,4,8,5301,7,2,2,1,2,3,4,3,2
1050,0,42,0,2,9,12,1,3673,2,12,8,9,5,4,1,3,3
1051,0,44,0,1,1,11,7,4768,7,1,0,0,0,3,1,3,2
1052,0,30,1,0,7,1,1,1274,6,1,0,0,0,3,3,2,2
1053,0,57,1,1,1,13,0,4900,6,12,8,9,2,3,2,1,2
1054,0,49,1,0,7,29,3,10466,0,8,7,7,0,2,3,2,3
1055,0,34,1,0,15,16,7,17007,5,14,9,8,6,1,2,4,2
1056,1,28,1,1,1,5,3,2909,8,3,2,2,1,3,1,4,4
1057,1,29,0,2,13,7,5,5765,7,5,0,3,0,2,1,1,1
1058,1,34,0,2,24,16,0,4599,7,15,10,9,10,2,1,3,4
1059,0,35,1,1,7,1,1,2404,8,1,0,0,0,3,4,1,3
1060,1,24,1,2,9,4,2,3172,2,0,0,0,0,1,2,3,2
1061,0,24,0,1,13,1,1,2033,8,1,0,0,0,2,4,3,3
1062,0,44,1,2,2,16,5,10209,4,2,2,2,2,3,2,2,2
1063,0,29,1,0,19,10,1,8620,7,10,4,7,0,3,3,3,3
1064,0,30,1,0,1,6,0,2064,1,5,3,3,1,3,3,1,4
1065,0,55,1,1,4,4,0,4035,0,3,2,2,1,3,4,2,3
1066,0,33,0,1,4,8,8,3838,2,5,2,4,0,2,1,4,3
1067,0,47,0,1,14,11,3,4591,7,5,2,4,1,3,3,3,2
1068,1,28,1,2,2,8,7,2561,2,0,0,0,0,1,3,3,2
1069,0,28,1,0,1,1,1,1563,6,1,0,0,0,3,1,4,1
1070,0,28,1,2,7,5,0,4898,7,4,3,2,1,1,3,4,3
1071,0,49,0,1,3,10,4,4789,2,3,2,2,1,1,3,1,3
1072,0,29,0,1,2,4,0,3180,2,3,2,2,0,2,4,3,3
1073,0,28,1,1,29,8,1,6549,4,8,7,6,1,2,3,2,2
1074,0,33,1,2,8,14,2,6388,0,0,0,0,0,3,4,1,3
1075,0,32,1,2,10,10,2,11244,3,5,0,2,0,4,3,2,4
1076,0,54,0,0,11,26,3,16032,3,14,12,9,1,4,2,1,3
1077,1,29,1,2,1,11,6,2362,6,9,7,7,0,1,1,3,1
1078,0,44,1,1,28,24,3,16328,5,20,17,6,14,1,4,3,4
1079,0,39,0,2,6,9,4,8376,4,2,2,0,2,2,2,4,3
1080,0,46,0,1,3,23,8,16606,3,13,1,12,5,2,3,4,4
1081,0,35,0,2,16,11,1,8606,0,11,3,8,3,2,4,4,1
1082,0,23,1,2,20,5,0,2272,2,4,2,3,1,3,1,2,3
1083,1,40,1,2,9,15,3,2018,2,5,0,4,1,1,4,2,1
1084,0,34,1,1,1,10,1,7083,7,10,6,9,8,3,4,4,3
1085,1,31,0,2,3,7,1,4084,6,7,7,2,7,3,4,1,1
1086,0,50,1,2,22,32,1,14411,5,32,9,6,13,4,3,4,3
1087,0,34,1,1,7,12,0,2308,8,11,7,10,5,3,2,2,3
1088,0,42,1,1,2,4,4,4841,2,1,0,0,0,2,3,2,3
1089,0,37,1,1,13,10,1,4285,6,10,7,8,3,4,1,1,3
1090,0,29,0,1,8,9,3,9715,0,7,7,7,0,1,3,3,3
1091,0,33,1,2,25,5,1,4320,4,5,2,3,0,2,4,4,3
1092,0,45,1,1,28,8,4,2132,6,5,3,4,0,4,4,4,3
1093,0,42,1,1,2,24,2,10124,0,20,9,8,13,4,4,3,1
1094,0,40,1,1,9,9,0,5473,7,8,1,4,7,1,1,4,4
1095,0,33,1,1,28,15,1,5207,2,15,7,14,5,3,2,2,3
1096,0,40,1,2,6,21,1,16437,3,21,7,7,7,4,3,4,3
1097,0,24,1,0,21,2,0,2296,2,1,0,1,0,1,3,2,3
1098,0,40,1,0,8,8,3,4069,0,2,2,2,2,4,4,3,3
1099,0,45,1,0,1,10,1,7441,0,10,7,8,7,2,1,1,3
1100,0,35,0,1,28,6,0,2430,8,5,2,3,4,3,2,1,3
1101,0,32,0,1,5,12,3,5878,6,7,5,1,2,2,4,1,3
1102,0,36,1,2,2,7,3,2644,8,3,2,2,1,4,3,4,2
1103,0,48,0,0,16,18,8,6439,7,8,7,7,7,3,3,3,3
1104,0,29,1,1,9,5,6,2451,6,1,0,0,0,3,3,1,2
1105,0,33,1,1,8,8,2,6392,7,2,2,2,2,1,1,4,1
1106,1,30,1,1,1,10,1,9714,7,10,7,8,6,1,2,4,3
1107,0,38,1,1,10,10,3,6077,1,6,2,3,1,3,3,3,3
1108,0,35,1,2,1,3,1,2450,2,3,2,0,1,1,4,2,3
1109,0,30,1,1,29,9,3,9250,7,4,3,2,1,2,3,2,3
1110,1,35,0,0,2,1,1,2074,2,1,0,0,0,1,1,4,3
1111,1,53,0,1,2,34,0,10169,4,33,9,7,1,4,3,2,3
1112,1,38,1,1,2,7,4,4855,4,5,4,2,1,2,3,1,3
1113,0,32,1,1,1,9,4,4087,6,6,2,5,1,1,4,2,2
1114,0,48,0,1,15,10,8,2367,6,8,6,2,7,1,3,4,2
1115,0,34,1,2,7,1,1,2972,6,1,0,0,0,4,1,3,1
1116,0,55,1,1,26,36,1,19586,3,36,13,6,2,4,3,3,3
1117,0,34,1,1,1,9,9,5484,6,2,1,2,2,4,2,2,2
1118,0,26,0,1,3,1,1,2061,6,1,0,0,0,4,1,1,3
1119,0,38,1,1,14,10,0,9924,7,9,7,8,7,2,3,4,3
1120,0,38,0,2,16,8,2,4198,7,3,2,2,1,2,2,2,4
1121,0,36,0,2,1,15,6,6815,7,1,0,0,0,3,2,1,3
1122,0,29,1,2,3,10,1,4723,2,10,5,9,1,1,2,4,3
1123,0,35,0,2,10,10,3,6142,0,5,4,2,0,3,1,3,3
1124,0,39,1,1,6,11,2,8237,7,7,6,6,7,3,4,1,3
1125,0,29,1,0,2,6,1,8853,0,6,3,4,1,4,1,4,4
1126,0,50,1,1,9,27,4,19331,3,1,0,0,0,3,3,3,3
1127,0,23,1,1,10,4,2,2073,6,2,2,2,2,3,4,4,3
1128,0,36,1,1,6,9,3,5562,2,3,2,2,0,1,1,4,3
1129,0,42,1,2,9,24,8,19613,3,1,1,0,0,4,4,4,3
1130,0,35,1,1,28,10,1,3407,2,10,8,9,6,3,2,4,2
1131,0,34,1,1,10,8,1,5063,0,8,7,2,7,3,4,2,2
1132,0,40,0,1,14,5,1,4639,7,5,2,4,1,1,4,3,3
1133,0,43,1,0,27,8,5,4876,2,6,2,4,0,2,4,3,3
1134,0,35,1,1,7,1,1,2690,2,1,1,0,0,4,3,4,2
1135,0,46,1,2,1,27,1,17567,3,26,12,0,0,1,4,2,1
1136,1,28,1,1,24,1,1,2408,2,1,0,1,0,2,3,3,3
1137,0,22,0,1,26,4,1,2814,6,4,3,2,1,3,2,2,2
1138,0,50,1,1,20,32,2,11245,0,30,13,8,12,3,2,3,3
1139,0,32,0,1,5,6,3,3312,6,3,2,2,0,4,2,4,3
1140,0,44,0,0,7,23,0,19049,5,22,10,7,1,4,2,4,2
1141,0,30,1,1,7,6,1,2141,6,6,1,4,1,2,2,2,2
1142,0,45,0,2,5,10,1,5769,2,10,4,7,1,1,3,1,3
1143,0,45,1,1,26,10,1,4385,7,10,5,7,4,1,1,1,3
1144,0,31,1,2,2,10,7,5332,7,5,3,2,0,1,4,4,3
1145,0,36,0,1,12,7,9,4663,4,3,1,2,1,3,3,2,3
1146,0,34,1,0,10,9,1,4724,4,9,2,7,7,4,3,1,3
1147,0,49,0,1,25,10,1,3211,2,9,4,6,1,1,3,4,2
1148,0,39,1,1,10,10,2,5377,4,7,7,7,7,1,2,4,3
1149,0,27,1,0,19,7,1,4066,2,7,7,7,0,1,4,1,3
1150,0,35,1,1,18,16,1,5208,6,16,10,15,1,1,2,4,3
1151,0,28,0,0,27,6,0,4877,4,5,0,3,0,1,2,2,2
1152,0,21,1,2,5,3,1,3117,6,2,2,2,2,4,3,3,3
1153,1,18,0,2,3,0,1,1569,8,0,0,0,0,4,2,3,4
1154,0,47,0,1,26,27,3,19658,3,5,0,2,1,3,4,3,3
1155,0,39,1,0,3,11,0,3069,2,10,7,8,0,3,3,4,3
1156,0,40,0,1,15,18,1,10435,4,18,12,15,14,3,1,4,3
1157,0,35,0,1,8,15,1,4148,0,14,9,11,2,3,3,4,3
1158,0,37,1,1,19,9,3,5768,4,4,2,3,0,3,3,1,2
1159,0,39,0,2,4,10,0,5042,4,9,8,2,3,3,1,4,1
1160,0,45,0,0,2,10,1,5770,4,10,9,7,3,4,4,1,3
1161,0,38,0,1,2,10,3,7756,4,5,2,4,0,3,4,4,4
1162,1,35,1,1,10,15,9,10306,7,13,0,12,6,1,4,3,3
1163,0,37,0,1,10,8,1,3936,6,8,7,4,7,2,2,1,1
1164,0,40,0,2,16,18,6,7945,4,4,3,2,3,4,3,4,2
1165,0,44,1,1,1,14,4,5743,1,10,2,7,0,4,1,3,3
1166,0,48,1,1,4,23,2,15202,3,2,2,2,2,4,3,2,3
1167,1,35,1,0,15,7,6,5440,7,2,2,2,2,4,1,4,2
1168,0,24,0,2,2,6,1,3760,6,6,3,3,1,4,1,3,3
1169,0,27,0,1,8,5,7,3517,6,3,2,2,0,3,2,1,3
1170,0,27,1,2,2,6,2,2580,6,4,2,2,1,4,4,3,2
1171,1,40,1,2,7,10,3,2166,2,4,3,2,0,1,1,2,1
1172,0,29,1,2,10,8,9,5869,7,5,4,2,1,3,3,3,3
1173,0,36,0,1,5,9,4,8008,0,3,2,2,0,1,2,3,3
1174,0,25,1,0,2,7,1,5206,4,7,7,7,0,3,4,3,3
1175,0,39,1,1,12,7,4,5295,4,5,0,4,1,2,4,3,3
1176,0,49,0,1,22,27,3,16413,5,4,2,2,1,2,1,2,3
1177,0,50,0,0,17,19,5,13269,5,14,11,11,1,1,4,3,3
1178,0,20,0,2,2,2,1,2783,8,2,2,2,2,3,3,1,3
1179,0,34,0,0,3,11,1,5433,6,11,9,8,7,2,4,3,3
1180,0,36,1,2,7,15,2,2013,2,4,3,3,1,2,1,3,3
1181,0,49,0,1,6,30,2,13966,0,15,12,11,2,3,3,2,3
1182,0,36,0,1,1,4,0,4374,4,3,2,2,1,3,4,3,3
1183,0,36,1,0,3,13,6,6842,0,5,4,4,0,1,4,1,3
1184,0,54,0,1,22,36,3,17426,3,10,7,8,4,3,2,3,3
1185,0,43,1,1,15,14,1,17603,5,14,11,10,6,3,3,1,3
1186,1,35,1,2,12,13,3,4581,7,11,7,9,6,4,4,1,4
1187,0,38,1,1,1,19,7,4735,6,13,9,11,2,4,4,4,4
1188,0,29,1,0,5,10,1,4187,7,10,9,0,0,2,1,2,2
1189,0,33,1,0,2,6,1,5505,7,6,4,2,0,4,4,3,3
1190,0,32,1,0,2,10,0,5470,6,9,6,5,1,2,4,3,2
1191,0,31,0,1,5,10,1,5476,7,10,2,0,0,4,1,1,3
1192,0,49,0,0,16,17,4,2587,2,2,2,2,2,1,4,2,2
1193,0,38,0,2,2,4,1,2440,2,4,3,3,3,2,4,2,3
1194,0,47,0,0,2,29,6,15972,3,3,2,2,1,2,2,3,3
1195,0,49,1,2,1,23,4,15379,3,8,0,7,0,3,3,1,3
1196,0,41,1,2,23,21,3,7082,7,2,2,0,0,3,4,4,3
1197,0,20,1,2,9,2,1,2728,8,2,2,2,0,1,4,1,3
1198,0,33,0,0,16,7,1,5368,7,6,2,5,1,4,3,3,3
1199,0,36,1,1,26,10,6,5347,0,3,2,2,0,3,1,2,2
1200,0,44,0,0,1,8,4,3195,1,2,2,2,2,4,3,1,3
1201,1,23,1,2,8,5,1,3989,2,5,2,4,1,3,4,1,3
1202,0,38,0,1,4,7,7,3306,2,0,0,0,0,3,4,4,2
1203,0,53,1,1,24,11,3,7005,0,4,2,3,1,4,2,3,3
1204,1,48,0,1,7,19,2,2655,8,9,7,7,7,3,4,3,3
1205,1,32,1,2,2,1,1,1393,2,1,0,0,0,2,4,1,3
1206,0,26,1,2,7,7,1,2570,2,7,7,7,5,4,4,3,3
1207,0,55,1,0,22,8,5,3537,6,4,2,2,1,2,1,4,3
1208,0,34,1,1,5,15,1,3986,2,15,13,10,4,4,2,3,4
1209,0,60,1,0,1,19,3,10883,0,1,0,0,0,4,3,3,4
1210,0,33,1,1,21,14,1,2028,2,14,13,11,2,2,2,4,3
1211,0,37,1,0,1,6,1,9525,7,6,3,3,1,4,3,3,2
1212,0,34,0,1,19,10,1,2929,6,10,7,9,8,4,2,2,3
1213,1,23,1,0,7,3,1,2275,8,3,2,2,0,4,3,2,3
1214,0,44,0,1,2,9,1,7879,0,8,7,7,6,4,3,2,3
1215,0,35,1,2,2,6,0,4930,6,5,4,4,1,4,1,3,4
1216,0,43,1,1,2,10,1,7847,7,10,8,9,8,4,4,1,3
1217,0,24,1,1,9,5,1,4401,6,5,4,3,0,3,3,4,3
1218,0,41,1,2,6,10,1,9241,7,10,7,8,8,3,4,2,3
1219,0,29,0,1,9,9,9,2974,2,5,2,3,1,3,4,3,3
1220,0,36,0,2,2,17,3,4502,8,13,7,7,6,4,3,3,2
1221,0,45,1,1,1,25,3,10748,0,23,4,15,14,3,3,4,2
1222,1,24,1,1,22,1,1,1555,1,1,0,0,0,3,4,3,3
1223,1,47,1,1,9,25,7,12936,7,23,10,5,14,3,3,3,1
1224,0,26,1,1,17,3,1,2305,2,3,2,2,0,3,4,3,4
1225,0,45,0,2,28,21,1,16704,5,21,6,6,8,2,4,3,3
1226,0,32,1,1,10,10,6,3433,6,5,3,2,1,3,1,1,2
1227,0,31,1,1,2,6,1,3477,2,5,3,2,0,3,2,4,4
1228,0,41,1,1,4,10,6,6430,1,3,2,2,1,2,3,2,3
1229,0,40,0,1,8,18,2,6516,4,1,0,0,0,1,2,2,3
1230,0,24,1,0,29,6,1,3907,2,6,2,2,1,1,2,2,4
1231,0,46,1,2,13,19,6,5562,0,10,9,7,0,2,3,4,3
1232,0,35,1,1,27,17,2,6883,4,7,7,7,0,3,4,2,3
1233,0,30,1,1,16,10,1,2862,6,10,8,0,0,4,2,2,2
1234,0,47,1,1,2,4,7,4978,7,1,0,0,0,2,3,4,1
1235,0,46,1,0,2,13,4,10368,7,10,3,6,0,4,3,2,2
1236,1,36,1,0,13,16,5,6134,7,2,2,2,2,1,2,2,3
1237,1,32,1,2,1,10,6,6735,7,0,0,0,0,2,1,2,3
1238,0,23,0,2,4,3,1,3295,2,3,2,2,1,2,3,3,1
1239,0,31,0,2,24,9,2,5238,4,5,4,4,1,4,4,4,2
1240,0,39,1,1,1,9,1,6472,2,9,8,8,5,4,4,4,3
1241,0,32,1,1,19,10,3,9610,7,4,2,3,0,3,4,3,1
1242,0,40,1,2,7,21,1,19833,3,21,8,8,12,2,2,2,2
1243,0,45,0,1,4,9,4,9756,1,5,3,0,0,3,3,3,4
1244,0,30,0,2,2,10,0,4968,6,9,7,7,0,1,4,4,3
1245,0,24,1,1,10,3,0,2145,1,2,1,2,2,4,1,4,3
1246,1,30,0,0,8,6,6,2180,1,4,2,2,1,4,3,3,2
1247,0,31,1,1,5,6,1,8346,7,5,2,2,0,3,1,3,3
1248,0,27,0,2,8,6,1,3445,6,6,4,2,1,4,3,3,2
1249,1,29,0,2,9,2,1,2760,8,2,2,2,2,2,2,3,3
1250,0,29,1,2,1,10,8,6294,0,3,2,2,0,3,4,4,4
1251,0,30,1,0,15,12,2,7140,7,7,7,7,1,1,3,1,3
1252,0,34,1,1,2,6,0,2932,6,5,2,0,1,4,4,1,3
1253,0,33,0,2,2,13,8,5147,7,11,7,7,1,2,4,4,2
1254,0,49,0,2,11,8,3,4507,7,5,4,1,0,4,4,3,4
1255,1,33,0,2,16,11,2,8564,7,0,0,0,0,1,1,3,2
1256,0,38,0,1,2,9,4,2468,2,6,5,1,0,2,3,2,2
1257,1,31,1,1,16,10,2,8161,7,1,0,0,0,3,1,1,3
1258,0,29,0,0,4,1,1,2109,6,1,0,0,0,1,4,3,3
1259,0,30,1,1,16,10,3,5294,0,7,7,0,1,3,3,3,3
1260,0,32,1,2,5,12,2,2718,6,7,7,7,0,2,2,2,3
1261,0,38,1,1,18,15,3,5811,0,1,0,0,1,4,2,3,3
1262,1,43,1,1,17,6,9,2437,6,1,0,0,0,3,3,4,3
1263,0,42,1,0,12,7,8,2766,2,5,4,3,0,2,2,2,2
1264,0,55,1,1,2,34,8,19038,5,1,0,0,0,1,3,2,3
1265,0,33,1,0,4,11,5,3055,6,9,7,8,1,2,4,4,2
1266,0,41,1,0,9,5,1,2289,2,5,4,3,0,1,3,2,3
1267,0,34,1,0,10,15,1,4001,7,15,7,14,0,3,4,3,3
1268,0,53,0,1,1,27,4,12965,4,3,2,2,0,3,1,4,2
1269,0,43,1,2,2,10,0,3539,1,9,8,7,1,4,2,2,3
1270,0,34,0,2,3,6,5,6029,7,2,2,2,2,4,4,1,3
1271,1,21,1,2,7,1,1,2679,8,1,0,0,1,2,2,2,3
1272,0,38,0,1,6,5,1,3702,2,5,4,4,0,3,4,2,3
1273,1,22,0,1,8,1,1,2398,2,1,0,0,0,1,3,3,3
1274,0,31,0,1,29,13,1,5468,7,12,7,7,5,4,1,1,3
1275,0,51,0,1,3,15,2,13116,3,2,2,2,2,3,1,4,3
1276,0,37,1,1,9,5,1,4189,7,5,3,2,0,2,2,1,3
1277,0,46,1,0,2,24,7,19328,5,2,2,1,2,4,3,3,3
1278,0,36,1,1,10,15,7,8321,0,12,7,8,5,1,4,4,3
1279,1,44,1,0,1,6,1,2342,6,5,3,3,2,2,3,3,2
1280,0,37,1,0,8,19,2,4071,1,10,7,0,4,2,3,3,2
1281,1,35,1,2,27,10,1,5813,7,10,7,7,7,4,3,4,3
1282,0,33,1,1,8,14,6,3143,6,10,6,8,7,1,4,2,3
1283,0,28,1,1,1,5,1,2044,6,5,3,3,0,4,3,3,4
1284,0,39,1,2,10,9,7,13464,5,4,2,3,2,3,3,3,3
1285,0,46,1,2,26,6,8,7991,7,2,2,2,2,2,2,3,3
1286,0,40,0,1,2,7,4,3377,2,4,2,3,0,1,3,4,2
1287,0,42,1,1,13,10,5,5538,0,0,0,0,0,1,2,3,2
1288,0,35,1,0,2,15,2,5762,4,7,7,7,1,4,2,3,3
1289,0,38,1,0,2,13,5,2592,1,11,8,10,3,2,1,4,3
1290,1,34,1,1,9,11,4,5346,2,7,7,1,0,1,4,3,2
1291,1,37,1,2,10,10,1,4213,4,10,8,3,0,1,4,2,1
1292,0,39,1,0,20,7,2,4127,7,2,2,1,2,4,3,4,3
1293,0,43,1,2,9,7,4,2438,6,3,2,2,1,3,1,3,2
1294,0,41,1,2,5,11,3,6870,0,3,2,2,1,2,2,1,1
1295,0,41,0,0,4,23,0,10447,7,22,5,14,13,3,3,4,4
1296,0,30,0,2,10,9,9,9667,4,7,2,7,0,3,1,2,3
1297,1,26,0,1,20,6,0,2148,1,5,4,1,1,2,4,3,3
1298,1,46,0,1,21,13,4,8926,0,9,7,7,3,2,4,4,4
1299,0,40,0,0,1,12,4,6513,0,5,3,3,0,4,3,4,3
1300,0,34,1,1,8,10,1,6799,7,10,8,8,4,3,2,3,3
1301,0,58,1,0,2,37,4,16291,3,16,14,9,14,2,2,4,2
1302,0,35,1,1,23,6,0,2705,2,5,3,4,0,3,2,2,4
1303,0,47,0,0,4,28,8,10333,4,22,10,11,14,2,3,3,3
1304,0,40,0,0,12,15,2,4448,0,7,7,4,7,1,2,2,3
1305,0,54,0,1,7,14,4,6854,6,7,7,1,1,4,4,2,2
1306,0,31,0,1,7,9,2,9637,7,3,2,2,2,1,1,4,3
1307,0,28,0,1,1,3,1,3591,6,3,2,2,1,1,3,3,3
1308,0,38,0,1,2,20,2,5405,8,4,3,2,0,4,2,1,2
1309,0,26,1,2,10,5,1,4684,7,5,2,3,1,4,3,1,3
1310,0,58,1,1,15,23,2,15787,5,2,2,2,2,3,1,2,3
1311,0,18,0,2,14,0,1,1514,6,0,0,0,0,3,2,3,1
1312,1,31,1,1,18,2,0,2956,1,1,0,0,0,1,4,3,3
1313,1,29,1,0,13,4,4,2335,1,2,0,2,2,1,1,4,3
1314,0,45,0,1,2,10,4,5154,7,8,7,7,5,3,3,2,4
1315,0,36,0,1,2,15,4,6962,6,1,0,0,0,2,4,4,3
1316,0,43,1,1,2,7,1,5675,7,7,7,7,7,4,1,3,3
1317,0,27,0,2,5,6,0,2379,2,5,2,4,0,4,4,3,2
1318,0,29,1,1,20,11,1,3812,2,11,10,8,3,4,4,2,4
1319,0,32,1,2,10,4,8,4648,7,0,0,0,0,4,4,3,4
1320,0,42,1,1,10,10,3,2936,6,6,3,3,3,3,3,2,2
1321,0,47,0,2,9,7,4,2105,2,2,0,2,2,3,2,3,3
1322,0,46,1,0,2,12,3,8578,4,9,7,8,4,4,4,3,2
1323,0,28,1,0,1,3,1,2706,1,3,2,2,2,4,3,2,3
1324,0,29,1,0,29,11,8,6384,0,7,6,0,1,3,4,4,3
1325,0,42,1,2,8,8,4,3968,2,0,0,0,0,3,4,4,3
1326,1,32,1,2,2,7,7,9907,7,2,2,2,2,2,3,3,2
1327,0,46,0,0,3,25,2,13225,7,19,8,17,2,1,1,4,3
1328,0,27,0,1,23,9,1,3540,8,9,8,8,5,3,2,4,3
1329,0,29,1,1,6,1,1,2804,1,1,0,0,0,2,4,4,3
1330,0,43,0,1,6,21,7,19392,3,16,14,12,6,3,1,4,3
1331,0,48,1,1,10,29,4,19665,5,22,9,10,12,2,4,4,3
1332,1,29,1,2,24,1,1,2439,6,1,0,0,1,4,4,2,2
1333,1,46,0,1,10,14,5,7314,7,8,7,7,0,2,3,3,3
1334,0,27,0,1,15,8,0,4774,6,7,3,6,7,1,4,4,2
1335,0,39,1,0,19,7,8,3902,6,2,2,2,2,4,4,2,3
1336,0,55,1,1,2,19,8,2662,6,5,4,2,0,4,2,2,4
1337,0,28,0,1,3,1,1,2856,8,1,0,0,0,2,2,4,3
1338,1,30,1,2,9,1,1,1081,8,1,0,0,0,4,2,3,2
1339,1,22,1,2,7,1,1,2472,6,1,0,0,0,2,4,1,3
1340,0,36,0,1,10,10,1,5673,7,10,7,9,1,3,2,1,3
1341,0,31,1,0,20,10,1,4197,2,10,2,8,0,3,2,1,3
1342,0,34,1,1,4,9,2,9713,7,5,0,3,1,4,3,4,3
1343,0,29,1,2,7,11,3,2062,2,3,2,2,1,1,4,2,3
1344,0,37,1,1,7,16,5,4284,6,5,4,3,0,1,4,3,3
1345,0,35,0,1,16,4,0,4788,4,3,2,2,0,2,4,4,3
1346,0,45,0,1,25,10,0,5906,4,9,8,8,3,4,2,4,2
1347,0,36,1,2,2,10,1,3886,1,10,8,1,0,4,2,4,2
1348,0,40,1,0,1,22,2,16823,3,19,16,7,11,1,1,1,3
1349,0,26,0,1,1,1,1,2933,6,1,0,0,1,3,2,3,2
1350,0,27,0,2,2,9,0,6500,7,8,7,7,0,3,1,2,2
1351,0,48,0,0,22,24,3,17174,3,22,7,17,4,4,4,2,3
1352,0,44,1,1,1,10,2,5033,0,2,2,0,2,1,2,4,3
1353,1,34,1,1,16,5,1,2307,6,5,0,2,3,1,4,2,3
1354,1,56,1,2,24,5,1,2587,2,4,0,2,1,4,1,4,3
1355,0,36,1,1,17,12,2,5507,7,4,3,2,1,2,3,3,1
1356,0,41,0,1,8,14,5,4393,7,5,4,4,1,2,3,3,3
1357,0,42,1,1,6,18,9,13348,5,13,7,7,5,1,3,2,4
1358,0,31,0,0,10,8,2,6583,7,5,4,2,1,4,3,4,3
1359,0,34,0,1,3,9,3,8103,7,4,1,2,0,4,4,3,2
1360,0,31,0,0,4,4,8,3978,2,2,2,2,2,3,1,2,2
1361,0,26,1,1,6,8,0,2544,2,7,7,7,7,4,3,1,3
1362,0,45,1,2,1,12,4,5399,0,4,3,2,0,3,2,3,3
1363,0,33,1,2,10,10,1,5487,7,10,9,4,0,3,2,2,2
1364,0,28,1,1,1,7,1,6834,7,7,7,7,0,4,3,3,3
1365,1,29,1,2,24,1,1,1091,8,1,0,0,0,1,3,4,3
1366,0,39,0,1,21,10,6,5736,7,3,2,2,1,3,1,3,3
1367,0,27,1,1,2,6,1,2226,6,5,2,3,1,2,2,3,2
1368,0,34,1,1,22,16,1,5747,6,15,11,10,6,4,3,2,3
1369,1,28,0,2,13,6,3,9854,7,2,2,0,2,3,4,4,3
1370,0,47,1,1,14,16,8,5467,6,8,7,7,1,2,3,3,4
1371,0,56,0,1,11,6,4,5380,7,0,0,0,0,1,4,3,3
1372,0,39,1,1,9,10,1,5151,4,10,9,0,7,1,1,4,3
1373,0,38,0,0,8,20,1,2133,6,20,7,11,0,2,4,3,3
1374,0,58,0,1,21,29,4,17875,3,1,0,0,0,4,4,3,2
1375,1,32,0,2,5,8,3,2432,6,4,3,1,0,3,1,1,3
1376,0,38,1,0,9,10,2,4771,6,5,3,2,0,4,2,4,4
1377,0,49,1,1,2,28,3,19161,5,5,3,4,4,4,2,4,3
1378,0,42,1,0,12,14,3,5087,7,0,0,0,0,4,2,3,3
1379,1,27,0,1,22,1,1,2863,1,1,0,0,0,2,1,1,3
1380,0,35,1,1,18,6,0,5561,7,5,4,3,0,1,2,4,1
1381,0,28,1,2,16,5,1,2144,6,5,4,3,1,3,3,3,2
1382,0,31,1,0,3,4,1,3065,6,4,3,2,2,1,3,4,4
1383,0,36,1,1,9,5,1,2810,2,5,2,4,0,2,1,2,3
1384,0,34,1,2,1,14,1,9888,7,14,1,8,2,4,1,1,2
1385,0,34,1,0,13,9,1,8628,7,8,1,7,1,3,4,3,2
1386,0,26,1,2,1,8,0,2867,2,7,6,7,7,1,3,4,2
1387,0,29,1,1,1,6,0,5373,0,5,2,3,0,1,1,1,2
1388,0,32,0,0,15,9,5,6667,0,5,2,1,1,4,3,2,3
1389,0,31,1,1,1,10,1,5003,6,10,7,8,8,1,4,2,3
1390,1,28,1,0,17,6,5,2367,2,4,3,1,0,4,3,1,2
1391,0,38,1,2,1,20,4,2858,8,1,0,0,0,1,1,1,2
1392,0,35,0,1,7,10,1,5204,7,10,9,8,0,4,3,4,3
1393,0,27,1,2,9,7,1,4105,7,7,7,7,0,4,4,1,3
1394,0,32,1,2,5,8,8,9679,4,1,0,0,0,4,4,2,3
1395,1,31,1,1,26,10,1,5617,7,10,8,7,0,4,1,3,3
1396,1,53,1,2,24,15,6,10448,7,2,2,2,2,1,1,2,2
1397,0,54,0,1,9,9,3,2897,6,4,3,3,2,3,1,3,2
1398,0,33,1,0,7,9,1,5968,0,9,8,7,2,3,4,3,3
1399,0,43,1,1,11,10,1,7510,0,10,9,9,0,3,1,2,3
1400,0,38,1,1,1,7,0,2991,1,6,2,2,1,2,4,2,3
1401,0,55,1,1,26,35,4,19636,3,10,4,9,1,2,3,1,3
1402,0,31,0,0,2,1,1,1129,2,1,0,0,0,4,4,3,3
1403,0,39,1,2,15,21,0,13341,7,20,10,8,11,1,2,1,3
1404,0,42,1,2,23,20,1,4332,6,20,7,9,3,3,4,4,3
1405,0,31,0,1,10,13,4,11031,5,11,8,7,4,3,3,3,4
1406,0,54,0,2,10,9,6,4440,4,5,4,2,1,1,3,4,3
1407,0,24,1,2,1,4,1,4617,0,4,2,3,1,3,2,2,2
1408,0,23,1,2,12,5,1,2647,2,5,4,2,1,4,4,3,4
1409,0,40,0,1,11,10,1,6323,2,10,4,9,9,3,4,1,4
1410,0,40,0,1,2,15,3,5677,7,11,10,8,5,2,2,3,3
1411,0,25,0,1,2,6,4,2187,1,2,2,0,1,2,3,3,3
1412,0,30,1,1,1,12,1,3748,2,12,7,8,1,2,4,3,2
1413,0,25,1,0,2,7,6,3977,2,2,2,2,0,3,4,3,2
1414,0,47,1,2,25,25,2,8633,0,17,11,14,12,3,1,2,3
1415,0,33,1,0,1,1,1,2008,2,1,0,1,0,3,2,3,2
1416,0,38,1,1,1,16,0,4440,7,15,8,13,5,2,4,1,3
1417,0,31,1,1,2,3,0,3067,8,2,2,2,1,3,1,3,3
1418,0,38,1,1,6,10,2,5321,4,8,7,3,7,3,1,4,3
1419,0,42,1,0,18,9,6,5410,6,4,2,3,1,1,4,3,2
1420,0,41,1,1,1,12,3,2782,6,5,0,3,1,4,4,1,3
1421,0,47,0,1,1,14,0,11957,5,13,12,8,5,2,3,1,1
1422,0,35,1,1,11,5,7,2660,2,2,2,2,2,3,4,3,3
1423,0,22,1,2,1,4,0,3375,6,3,2,2,1,3,4,4,4
1424,0,35,1,2,9,10,1,5098,6,10,8,7,0,3,2,2,3
1425,0,33,0,1,15,10,0,4878,0,9,1,7,8,4,2,1,3
1426,0,32,0,2,29,6,1,2837,2,6,1,2,4,2,3,3,3
1427,0,40,1,1,1,8,8,2406,2,1,0,0,0,4,1,3,2
1428,0,32,1,1,1,3,0,2269,8,2,2,2,2,2,2,2,3
1429,0,39,1,2,24,18,7,4108,6,7,7,7,1,4,1,1,3
1430,0,38,0,1,10,20,3,13206,5,18,11,16,1,3,2,1,3
1431,0,32,0,1,1,14,1,10422,7,14,7,10,5,4,3,3,3
1432,0,37,0,1,10,16,1,13744,5,16,8,11,6,4,3,1,3
1433,0,25,0,0,8,6,0,4907,7,5,4,3,0,3,1,2,2
1434,0,52,1,0,29,16,2,3482,8,9,0,8,0,4,1,2,2
1435,0,44,1,2,1,6,6,2436,6,4,2,3,1,4,2,3,3
1436,0,21,1,2,5,2,1,2380,8,2,2,2,1,1,3,4,3
1437,0,39,1,2,9,21,2,19431,3,6,3,0,1,4,4,3,2
1438,1,23,1,1,9,1,1,1790,8,1,0,0,1,1,4,1,2
1439,0,36,0,1,3,10,0,7644,7,9,4,7,3,4,1,3,3
1440,0,36,0,0,4,18,7,5131,4,4,2,2,0,2,4,2,3
1441,0,56,1,0,1,13,1,6306,0,13,9,12,1,3,3,1,2
1442,1,29,1,1,1,4,9,4787,6,2,2,2,2,4,1,2,4
1443,0,42,1,1,2,24,5,18880,3,22,14,6,4,3,1,1,2
1444,1,56,1,1,7,14,8,2339,2,10,8,9,9,3,4,4,1
1445,0,41,0,1,28,21,0,13570,4,20,10,7,0,2,1,3,3
1446,0,34,0,1,28,8,1,6712,7,8,7,7,1,3,4,4,3
1447,0,36,1,0,15,15,1,5406,7,15,11,12,11,4,4,1,2
1448,0,41,1,0,3,14,2,8938,7,5,4,4,0,2,3,3,3
1449,0,32,1,2,2,4,1,2439,6,4,2,2,1,1,4,4,3
1450,0,35,0,2,26,9,1,8837,1,9,7,0,1,4,3,3,3
1451,0,38,0,1,10,10,1,5343,7,10,9,7,1,4,1,3,3
1452,1,50,1,0,1,12,7,6728,7,6,1,3,0,3,2,4,3
1453,0,36,0,1,11,8,4,6652,7,6,0,3,0,4,2,1,2
1454,0,45,0,2,20,8,8,4850,7,5,1,3,0,3,4,3,3
1455,0,40,1,2,2,8,2,2809,6,2,2,2,2,3,3,4,3
1456,0,35,1,1,18,10,1,5689,0,10,2,2,0,3,3,4,4
1457,0,40,0,1,2,20,2,2001,6,5,2,3,0,3,3,2,3
1458,0,35,0,1,1,4,1,2977,6,4,1,3,1,4,3,4,3
1459,0,29,1,1,13,10,4,4025,2,4,3,3,0,2,4,1,3
1460,0,29,0,2,28,5,1,3785,6,5,4,4,0,1,4,2,1
1461,1,50,1,0,28,20,4,10854,7,3,0,2,2,1,4,2,3
1462,0,39,0,1,24,21,0,12031,7,20,6,9,9,4,2,1,2
1463,0,31,1,2,5,10,0,9936,4,9,7,4,1,1,2,2,3
1464,0,26,0,2,5,5,0,2966,8,4,0,2,0,3,4,4,3
1465,0,36,1,1,23,17,4,2571,2,5,3,2,0,4,3,3,3
1466,0,39,1,1,6,9,4,9991,0,7,7,7,1,1,4,1,3
1467,0,27,1,1,4,6,1,6142,4,6,3,2,0,2,2,2,3
1468,0,49,1,1,2,17,2,5390,7,9,8,6,0,2,4,4,2
1469,0,34,1,1,8,6,2,4404,2,4,2,3,1,3,2,1,4
